id,ISO_code_alpha3,Country,Adult population,Year,Number of new Limited Liability Companies,New business density rate
AFG-2009,AFG,Afghanistan,14039528,2009,3653,0.26
AFG-2010,AFG,Afghanistan,14444996,2010,4759,0.33
AFG-2011,AFG,Afghanistan,15041824,2011,3745,0.25
AFG-2012,AFG,Afghanistan,15743958,2012,3557,0.23
AFG-2013,AFG,Afghanistan,16519812,2013,3191,0.19
AFG-2014,AFG,Afghanistan,17322062,2014,2466,0.14
AFG-2015,AFG,Afghanistan,18116800,2015,2255,0.12
AFG-2016,AFG,Afghanistan,18826589,2016,2448,0.13
AFG-2017,AFG,Afghanistan,19513959,2017,3022,0.15
AFG-2018,AFG,Afghanistan,20193609,2018,4274,0.21
ALB-2006,ALB,Albania,1960789,2006,1671,0.85
ALB-2007,ALB,Albania,1959058,2007,2094,1.07
ALB-2008,ALB,Albania,1955065,2008,2891,1.48
ALB-2009,ALB,Albania,1951106,2009,2217,1.14
ALB-2010,ALB,Albania,1948797,2010,2166,1.11
ALB-2011,ALB,Albania,1961405,2011,1891,0.96
ALB-2012,ALB,Albania,1972618,2012,1877,0.95
ALB-2013,ALB,Albania,1979460,2013,2105,1.06
ALB-2014,ALB,Albania,1981897,2014,2271,1.15
ALB-2015,ALB,Albania,1979179,2015,2610,1.32
ALB-2016,ALB,Albania,1974734,2016,2721,1.38
ALB-2017,ALB,Albania,1972416,2017,3014,1.53
ALB-2018,ALB,Albania,1965829,2018,3259,1.66
ALB-2019,ALB,Albania,1952204,2019,3189,1.63
ALB-2020,ALB,Albania,1931355,2020,2945,1.52
DZA-2006,DZA,Algeria,22354242,2006,4218,0.19
DZA-2007,DZA,Algeria,22845303,2007,3622,0.16
DZA-2008,DZA,Algeria,23315424,2008,4651,0.2
DZA-2009,DZA,Algeria,23766657,2009,4574,0.19
DZA-2010,DZA,Algeria,24198798,2010,4122,0.17
DZA-2011,DZA,Algeria,24569853,2011,4711,0.19
DZA-2012,DZA,Algeria,24959503,2012,7724,0.31
DZA-2013,DZA,Algeria,25342751,2013,7698,0.3
DZA-2014,DZA,Algeria,25690645,2014,8426,0.33
DZA-2015,DZA,Algeria,25993585,2015,8093,0.31
DZA-2016,DZA,Algeria,26300650,2016,8841,0.34
DZA-2017,DZA,Algeria,26564898,2017,9885,0.37
DZA-2018,DZA,Algeria,26810324,2018,9472,0.35
ATG-2006,ATG,Antigua and Barbuda,55282,2006,295,5.34
ATG-2007,ATG,Antigua and Barbuda,56455,2007,257,4.55
ATG-2008,ATG,Antigua and Barbuda,57688,2008,226,3.92
ATG-2009,ATG,Antigua and Barbuda,58926,2009,159,2.7
ATG-2010,ATG,Antigua and Barbuda,60126,2010,193,3.21
ATG-2011,ATG,Antigua and Barbuda,61125,2011,187,3.06
ATG-2012,ATG,Antigua and Barbuda,62129,2012,168,2.7
ATG-2013,ATG,Antigua and Barbuda,63102,2013,217,3.44
ATG-2014,ATG,Antigua and Barbuda,64003,2014,246,3.84
ATG-2015,ATG,Antigua and Barbuda,64815,2015,271,4.18
ATG-2016,ATG,Antigua and Barbuda,65438,2016,296,4.52
ATG-2017,ATG,Antigua and Barbuda,66027,2017,380,5.76
ATG-2018,ATG,Antigua and Barbuda,66549,2018,280,4.21
ATG-2019,ATG,Antigua and Barbuda,67000,2019,242,3.61
ATG-2020,ATG,Antigua and Barbuda,67391,2020,255,3.78
ARG-2006,ARG,Argentina,24749593,2006,5956,0.24
ARG-2007,ARG,Argentina,25080395,2007,6031,0.24
ARG-2008,ARG,Argentina,25420355,2008,6032,0.24
ARG-2009,ARG,Argentina,25755689,2009,4885,0.19
ARG-2010,ARG,Argentina,26010395,2010,5400,0.21
ARG-2011,ARG,Argentina,26358138,2011,5828,0.22
ARG-2012,ARG,Argentina,26687229,2012,4928,0.18
ARG-2013,ARG,Argentina,27002574,2013,5406,0.2
ARG-2014,ARG,Argentina,27315081,2014,4699,0.17
ARG-2015,ARG,Argentina,27630346,2015,4958,0.18
ARG-2016,ARG,Argentina,27924237,2016,5885,0.21
ARG-2017,ARG,Argentina,28225466,2017,6209,0.22
ARG-2018,ARG,Argentina,28530443,2018,5667,0.2
ARM-2006,ARM,Armenia,1987008,2006,2474,1.25
ARM-2007,ARM,Armenia,1990071,2007,3290,1.65
ARM-2008,ARM,Armenia,1994590,2008,3344,1.68
ARM-2009,ARM,Armenia,1998528,2009,2575,1.29
ARM-2010,ARM,Armenia,2001042,2010,2527,1.26
ARM-2011,ARM,Armenia,2004811,2011,2640,1.32
ARM-2012,ARM,Armenia,2009727,2012,3190,1.59
ARM-2013,ARM,Armenia,2014464,2013,3180,1.58
ARM-2014,ARM,Armenia,2018089,2014,3168,1.57
ARM-2015,ARM,Armenia,2019881,2015,3493,1.73
ARM-2016,ARM,Armenia,2018926,2016,3510,1.74
ARM-2017,ARM,Armenia,2015678,2017,4443,2.2
ARM-2018,ARM,Armenia,2010512,2018,6137,3.05
ARM-2019,ARM,Armenia,2003872,2019,6877,3.43
ARM-2020,ARM,Armenia,1996176,2020,5700,2.86
AUS-2006,AUS,Australia,13967584,2006,133756,9.58
AUS-2007,AUS,Australia,14083094,2007,157438,11.18
AUS-2008,AUS,Australia,14382253,2008,141827,9.86
AUS-2009,AUS,Australia,14679103,2009,145963,9.94
AUS-2010,AUS,Australia,14891504,2010,159246,10.69
AUS-2011,AUS,Australia,15042394,2011,166740,11.08
AUS-2012,AUS,Australia,15250481,2012,184237,12.08
AUS-2013,AUS,Australia,15455787,2013,201855,13.06
AUS-2014,AUS,Australia,15623408,2014,222294,14.23
AUS-2015,AUS,Australia,15780014,2015,241023,15.27
AUS-2016,AUS,Australia,15943398,2016,243105,15.25
AUS-2017,AUS,Australia,16121831,2017,249048,15.45
AUS-2018,AUS,Australia,16276948,2018,235684,14.48
AUS-2019,AUS,Australia,16437853,2019,223389,13.59
AUS-2020,AUS,Australia,16566733,2020,236447,14.27
AUT-2006,AUT,Austria,5601862,2006,3116,0.56
AUT-2007,AUT,Austria,5614453,2007,2944,0.52
AUT-2008,AUT,Austria,5627244,2008,2856,0.51
AUT-2009,AUT,Austria,5636777,2009,2826,0.5
AUT-2010,AUT,Austria,5644039,2010,2819,0.5
AUT-2011,AUT,Austria,5658054,2011,2771,0.49
AUT-2012,AUT,Austria,5678351,2012,2714,0.48
AUT-2013,AUT,Austria,5704617,2013,2811,0.49
AUT-2014,AUT,Austria,5740267,2014,2923,0.51
AUT-2015,AUT,Austria,5794026,2015,3020,0.52
AUT-2016,AUT,Austria,5846595,2016,3009,0.51
AUT-2017,AUT,Austria,5877874,2017,3046,0.52
AUT-2018,AUT,Austria,5896670,2018,2997,0.51
AUT-2019,AUT,Austria,5910700,2019,3017,0.51
AUT-2020,AUT,Austria,5919581,2020,3141,0.53
AZE-2008,AZE,Azerbaijan,6124539,2008,6153,1.0
AZE-2009,AZE,Azerbaijan,6323530,2009,4677,0.74
AZE-2010,AZE,Azerbaijan,6452695,2010,3541,0.55
AZE-2011,AZE,Azerbaijan,6565755,2011,4174,0.64
AZE-2012,AZE,Azerbaijan,6665639,2012,4661,0.7
AZE-2013,AZE,Azerbaijan,6749582,2013,7172,1.06
AZE-2014,AZE,Azerbaijan,6822750,2014,6803,1.0
AZE-2015,AZE,Azerbaijan,6888625,2015,5208,0.76
AZE-2016,AZE,Azerbaijan,6930695,2016,7219,1.04
AZE-2017,AZE,Azerbaijan,6969033,2017,11058,1.59
AZE-2018,AZE,Azerbaijan,7001102,2018,11611,1.66
AZE-2019,AZE,Azerbaijan,7028194,2019,15687,2.23
AZE-2020,AZE,Azerbaijan,7051107,2020,9165,1.3
BHR-2006,BHR,Bahrain,705697,2006,1110,1.57
BHR-2007,BHR,Bahrain,776279,2007,1416,1.82
BHR-2008,BHR,Bahrain,847089,2008,1584,1.87
BHR-2009,BHR,Bahrain,910966,2009,1127,1.24
BHR-2010,BHR,Bahrain,963018,2010,1363,1.42
BHR-2011,BHR,Bahrain,990589,2011,1207,1.22
BHR-2012,BHR,Bahrain,1006064,2012,1346,1.34
BHR-2013,BHR,Bahrain,1015656,2013,1433,1.41
BHR-2014,BHR,Bahrain,1029179,2014,1439,1.4
BHR-2015,BHR,Bahrain,1053941,2015,1567,1.49
BHR-2016,BHR,Bahrain,1101676,2016,4230,3.84
BHR-2017,BHR,Bahrain,1162186,2017,4177,3.59
BHR-2018,BHR,Bahrain,1229175,2018,3823,3.11
BGD-2015,BGD,Bangladesh,102533152,2015,7556,0.07
BGD-2016,BGD,Bangladesh,104440785,2016,8103,0.08
BGD-2017,BGD,Bangladesh,106391908,2017,7629,0.07
BGD-2018,BGD,Bangladesh,108341203,2018,4473,0.04
BRB-2015,BRB,Barbados,191260,2015,1105,5.78
BRB-2016,BRB,Barbados,191502,2016,1056,5.51
BRB-2017,BRB,Barbados,191627,2017,945,4.93
BRB-2018,BRB,Barbados,191631,2018,859,4.48
BRB-2019,BRB,Barbados,191496,2019,939,4.9
BRB-2020,BRB,Barbados,191209,2020,934,4.88
BLR-2006,BLR,Belarus,6722301,2006,1885,0.28
BLR-2007,BLR,Belarus,6727786,2007,3820,0.57
BLR-2008,BLR,Belarus,6740078,2008,5168,0.77
BLR-2009,BLR,Belarus,6751254,2009,5714,0.85
BLR-2010,BLR,Belarus,6751613,2010,6399,0.95
BLR-2011,BLR,Belarus,6723813,2011,6063,0.9
BLR-2012,BLR,Belarus,6689976,2012,7674,1.15
BLR-2013,BLR,Belarus,6653923,2013,8983,1.35
BLR-2014,BLR,Belarus,6618651,2014,7019,1.06
BLR-2015,BLR,Belarus,6587087,2015,6095,0.93
BLR-2016,BLR,Belarus,6562720,2016,6427,0.98
BLR-2017,BLR,Belarus,6526921,2017,7861,1.2
BLR-2018,BLR,Belarus,6476178,2018,8700,1.34
BLR-2019,BLR,Belarus,6381802,2019,8697,1.36
BLR-2020,BLR,Belarus,6314103,2020,7204,1.14
BEL-2006,BEL,Belgium,6918110,2006,21747,3.14
BEL-2007,BEL,Belgium,6977859,2007,23867,3.42
BEL-2008,BEL,Belgium,7043441,2008,23116,3.28
BEL-2009,BEL,Belgium,7105641,2009,20415,2.87
BEL-2010,BEL,Belgium,7167469,2010,23512,3.28
BEL-2011,BEL,Belgium,7246345,2011,24451,3.37
BEL-2012,BEL,Belgium,7271587,2012,19769,2.72
BEL-2013,BEL,Belgium,7282454,2013,19054,2.62
BEL-2014,BEL,Belgium,7291041,2014,19825,2.72
BEL-2015,BEL,Belgium,7311715,2015,20634,2.82
BEL-2016,BEL,Belgium,7321395,2016,22705,3.1
BEL-2017,BEL,Belgium,7323263,2017,22944,3.13
BEL-2018,BEL,Belgium,7331122,2018,27204,3.71
BEL-2019,BEL,Belgium,7345506,2019,31094,4.23
BEL-2020,BEL,Belgium,7362533,2020,34366,4.67
BLZ-2007,BLZ,Belize,175608,2007,923,5.26
BLZ-2008,BLZ,Belize,181866,2008,801,4.4
BLZ-2009,BLZ,Belize,188177,2009,583,3.1
BLZ-2010,BLZ,Belize,194474,2010,604,3.11
BLZ-2011,BLZ,Belize,201422,2011,1000,4.96
BLZ-2012,BLZ,Belize,208299,2012,863,4.14
BLZ-2013,BLZ,Belize,215167,2013,801,3.72
BLZ-2014,BLZ,Belize,222115,2014,655,2.95
BLZ-2015,BLZ,Belize,229118,2015,675,2.95
BLZ-2016,BLZ,Belize,235649,2016,701,2.97
BLZ-2017,BLZ,Belize,242302,2017,777,3.21
BLZ-2018,BLZ,Belize,248934,2018,763,3.07
BLZ-2019,BLZ,Belize,255400,2019,769,3.01
BLZ-2020,BLZ,Belize,261603,2020,671,2.56
BEN-2013,BEN,Benin,5336025,2013,906,0.17
BEN-2014,BEN,Benin,5506536,2014,1382,0.25
BEN-2015,BEN,Benin,5683013,2015,2834,0.5
BEN-2016,BEN,Benin,5859863,2016,3060,0.52
BEN-2017,BEN,Benin,6044379,2017,3115,0.52
BEN-2018,BEN,Benin,6236226,2018,3033,0.49
BEN-2019,BEN,Benin,6435120,2019,3437,0.53
BEN-2020,BEN,Benin,6640719,2020,4034,0.61
BTN-2006,BTN,Bhutan,401992,2006,10,0.02
BTN-2007,BTN,Bhutan,410782,2007,11,0.03
BTN-2008,BTN,Bhutan,419206,2008,21,0.05
BTN-2009,BTN,Bhutan,427709,2009,13,0.03
BTN-2010,BTN,Bhutan,436573,2010,18,0.04
BTN-2011,BTN,Bhutan,446293,2011,23,0.05
BTN-2012,BTN,Bhutan,456420,2012,82,0.18
BTN-2013,BTN,Bhutan,466741,2013,23,0.05
BTN-2014,BTN,Bhutan,476945,2014,29,0.06
BTN-2015,BTN,Bhutan,486795,2015,44,0.09
BTN-2016,BTN,Bhutan,496649,2016,50,0.1
BTN-2017,BTN,Bhutan,505907,2017,72,0.14
BTN-2018,BTN,Bhutan,514691,2018,47,0.09
BOL-2018,BOL,"Bolivia, Plurinational State of",7008805,2018,3593,0.51
BIH-2016,BIH,Bosnia and Herzegovina,2370397,2016,2814,1.19
BIH-2017,BIH,Bosnia and Herzegovina,2327792,2017,2433,1.05
BIH-2018,BIH,Bosnia and Herzegovina,2285649,2018,2493,1.09
BIH-2019,BIH,Bosnia and Herzegovina,2248148,2019,2547,1.13
BIH-2020,BIH,Bosnia and Herzegovina,2216576,2020,2229,1.01
BWA-2006,BWA,Botswana,1112867,2006,6627,5.95
BWA-2007,BWA,Botswana,1142617,2007,6963,6.09
BWA-2008,BWA,Botswana,1172970,2008,8225,7.01
BWA-2009,BWA,Botswana,1201370,2009,10955,9.12
BWA-2010,BWA,Botswana,1226338,2010,11693,9.53
BWA-2011,BWA,Botswana,1243364,2011,12353,9.94
BWA-2012,BWA,Botswana,1256436,2012,16194,12.89
BWA-2013,BWA,Botswana,1267950,2013,15092,11.9
BWA-2014,BWA,Botswana,1281343,2014,18621,14.53
BWA-2015,BWA,Botswana,1298871,2015,23512,18.1
BWA-2016,BWA,Botswana,1324650,2016,26613,20.09
BWA-2017,BWA,Botswana,1355556,2017,20614,15.21
BWA-2018,BWA,Botswana,1389929,2018,20993,15.1
BWA-2019,BWA,Botswana,1425281,2019,17377,12.19
BWA-2020,BWA,Botswana,1459985,2020,26256,17.98
BRA-2009,BRA,Brazil,131902950,2009,337021,2.56
BRA-2010,BRA,Brazil,133781681,2010,345614,2.58
BRA-2011,BRA,Brazil,135602166,2011,355326,2.62
BRA-2012,BRA,Brazil,137364151,2012,311644,2.27
BRA-2013,BRA,Brazil,139067238,2013,304549,2.19
BRA-2014,BRA,Brazil,140699018,2014,267225,1.9
BRA-2015,BRA,Brazil,142243098,2015,245830,1.73
BRA-2016,BRA,Brazil,143590073,2016,226570,1.58
BRA-2017,BRA,Brazil,144882354,2017,235300,1.62
BRA-2018,BRA,Brazil,146090377,2018,253902,1.74
BRA-2019,BRA,Brazil,147184242,2019,291392,1.98
BRA-2020,BRA,Brazil,148150775,2020,405049,2.73
BRN-2012,BRN,Brunei Darussalam,284506,2012,480,1.69
BRN-2013,BRN,Brunei Darussalam,289077,2013,475,1.64
BRN-2014,BRN,Brunei Darussalam,293594,2014,457,1.95
BRN-2015,BRN,Brunei Darussalam,298063,2015,573,2.55
BRN-2016,BRN,Brunei Darussalam,301477,2016,760,2.65
BRN-2017,BRN,Brunei Darussalam,305356,2017,798,2.39
BRN-2018,BRN,Brunei Darussalam,309282,2018,731,2.41
BRN-2019,BRN,Brunei Darussalam,312730,2019,745,2.38
BRN-2020,BRN,Brunei Darussalam,315451,2020,316,1.0
BGR-2008,BGR,Bulgaria,5161618,2008,10930,2.12
BGR-2009,BGR,Bulgaria,5115270,2009,8199,1.6
BGR-2010,BGR,Bulgaria,5060439,2010,6903,1.36
BGR-2011,BGR,Bulgaria,4991351,2011,8267,1.66
BGR-2012,BGR,Bulgaria,4923015,2012,8558,1.74
BGR-2013,BGR,Bulgaria,4854077,2013,8168,1.68
BGR-2014,BGR,Bulgaria,4785446,2014,7751,1.62
BGR-2015,BGR,Bulgaria,4716474,2015,8720,1.85
BGR-2016,BGR,Bulgaria,4651208,2016,9423,2.03
BGR-2017,BGR,Bulgaria,4585049,2017,9022,1.97
BGR-2018,BGR,Bulgaria,4522903,2018,8855,1.96
BGR-2019,BGR,Bulgaria,4468788,2019,7872,1.76
BGR-2020,BGR,Bulgaria,4423254,2020,6220,1.41
BFA-2017,BFA,Burkina Faso,10059144,2017,2940,0.29
BFA-2018,BFA,Burkina Faso,10398147,2018,3416,0.33
CPV-2008,CPV,Cabo Verde,289580,2008,462,1.6
CPV-2009,CPV,Cabo Verde,298645,2009,782,2.62
CPV-2010,CPV,Cabo Verde,307218,2010,916,2.98
CPV-2011,CPV,Cabo Verde,315673,2011,1197,3.79
CPV-2012,CPV,Cabo Verde,323484,2012,949,2.93
CPV-2013,CPV,Cabo Verde,330683,2013,1011,3.06
CPV-2014,CPV,Cabo Verde,337474,2014,1022,3.03
CPV-2015,CPV,Cabo Verde,343961,2015,1281,3.72
CPV-2016,CPV,Cabo Verde,350175,2016,3206,9.16
CPV-2017,CPV,Cabo Verde,356278,2017,4349,12.21
CPV-2018,CPV,Cabo Verde,362217,2018,5868,16.2
CPV-2019,CPV,Cabo Verde,367881,2019,6023,16.37
CPV-2020,CPV,Cabo Verde,373250,2020,4869,13.04
KHM-2006,KHM,Cambodia,8126987,2006,1670,0.21
KHM-2007,KHM,Cambodia,8350588,2007,2826,0.34
KHM-2008,KHM,Cambodia,8576109,2008,2744,0.32
KHM-2009,KHM,Cambodia,8797142,2009,2003,0.23
KHM-2010,KHM,Cambodia,9008108,2010,2572,0.29
KHM-2011,KHM,Cambodia,9202172,2011,3104,0.34
KHM-2012,KHM,Cambodia,9406756,2012,3385,0.36
KHM-2013,KHM,Cambodia,9610514,2013,2986,0.31
KHM-2014,KHM,Cambodia,9802044,2014,3850,0.39
KHM-2015,KHM,Cambodia,9976967,2015,4417,0.44
KHM-2016,KHM,Cambodia,10146087,2016,4238,0.42
KHM-2017,KHM,Cambodia,10296732,2017,5432,0.53
KHM-2018,KHM,Cambodia,10437228,2018,7007,0.67
KHM-2019,KHM,Cambodia,10581563,2019,9605,0.91
KHM-2020,KHM,Cambodia,10737291,2020,5824,0.54
CAN-2017,CAN,Canada,14948503,2017,3052,0.2
CAN-2018,CAN,Canada,15118981,2018,3262,0.22
CAF-2009,CAF,Central African Republic,2291330,2009,95,0.04
CAF-2010,CAF,Central African Republic,2321452,2010,109,0.05
CAF-2011,CAF,Central African Republic,2322800,2011,125,0.05
CAF-2012,CAF,Central African Republic,2320216,2012,169,0.07
CAF-2013,CAF,Central African Republic,2318195,2013,87,0.04
CAF-2014,CAF,Central African Republic,2321884,2014,87,0.04
CAF-2015,CAF,Central African Republic,2334840,2015,138,0.06
CAF-2016,CAF,Central African Republic,2369232,2016,250,0.11
CAF-2017,CAF,Central African Republic,2413931,2017,265,0.11
CAF-2018,CAF,Central African Republic,2467575,2018,340,0.14
CAF-2019,CAF,Central African Republic,2527529,2019,319,0.13
CAF-2020,CAF,Central African Republic,2591658,2020,335,0.13
TCD-2012,TCD,Chad,6260843,2012,805,0.13
TCD-2013,TCD,Chad,6503160,2013,904,0.14
TCD-2014,TCD,Chad,6755405,2014,927,0.14
TCD-2015,TCD,Chad,7015781,2015,768,0.11
TCD-2016,TCD,Chad,7267359,2016,702,0.1
TCD-2017,TCD,Chad,7528309,2017,780,0.1
TCD-2018,TCD,Chad,7799719,2018,878,0.11
CHL-2013,CHL,Chile,12103916,2013,85418,7.06
CHL-2014,CHL,Chile,12234050,2014,98433,8.05
CHL-2015,CHL,Chile,12369487,2015,102914,8.32
CHL-2016,CHL,Chile,12531893,2016,109880,8.77
CHL-2017,CHL,Chile,12704687,2017,118724,9.34
CHL-2018,CHL,Chile,12869989,2018,132740,10.31
CHL-2019,CHL,Chile,13005680,2019,138587,10.66
CHL-2020,CHL,Chile,13098161,2020,158583,12.11
CHN-2010,CHN,China,26612900,2010,95252,3.58
CHN-2011,CHN,China,26900700,2011,102893,3.82
CHN-2012,CHN,China,27153400,2012,103532,3.81
CHN-2013,CHN,China,27424043,2013,117997,4.3
CHN-2014,CHN,China,27364500,2014,188558,6.89
CHN-2015,CHN,China,27261400,2015,210086,7.71
CHN-2016,CHN,China,27013000,2016,245321,9.08
CHN-2017,CHN,China,26731000,2017,229299,8.58
CHN-2018,CHN,China,26364300,2018,228559,8.67
CHN-2019,CHN,China,25996976,2019,211960,8.15
CHN-2020,CHN,China,27035300,2020,232064,8.58
COL-2013,COL,Colombia,31271416,2013,61559,1.97
COL-2014,COL,Colombia,31717551,2014,69841,2.2
COL-2015,COL,Colombia,32207435,2015,61033,1.89
COL-2016,COL,Colombia,32767678,2016,68460,2.09
COL-2017,COL,Colombia,33378033,2017,66780,2.0
COL-2018,COL,Colombia,33990041,2018,67983,2.0
COL-2019,COL,Colombia,34539596,2019,74706,2.16
COL-2020,COL,Colombia,34984968,2020,68749,1.97
COM-2018,COM,Comoros,478207,2018,78,0.16
COD-2015,COD,"Congo, The Democratic Republic of the",38608872,2015,1701,0.04
COD-2016,COD,"Congo, The Democratic Republic of the",39893705,2016,1565,0.04
COD-2017,COD,"Congo, The Democratic Republic of the",41266544,2017,1464,0.04
COD-2018,COD,"Congo, The Democratic Republic of the",42720477,2018,2102,0.05
COD-2019,COD,"Congo, The Democratic Republic of the",44247274,2019,1480,0.03
COD-2020,COD,"Congo, The Democratic Republic of the",45843026,2020,1795,0.04
COK-2006,COK,Cook Islands,8027,2006,117,14.58
COK-2007,COK,Cook Islands,7875,2007,103,13.08
COK-2008,COK,Cook Islands,7720,2008,118,15.28
COK-2009,COK,Cook Islands,7562,2009,81,10.71
COK-2010,COK,Cook Islands,7562,2010,89,11.77
COK-2011,COK,Cook Islands,7562,2011,90,11.9
COK-2012,COK,Cook Islands,7562,2012,77,10.18
COK-2013,COK,Cook Islands,7562,2013,71,9.39
COK-2014,COK,Cook Islands,7562,2014,88,11.64
COK-2015,COK,Cook Islands,6367,2015,98,15.39
COK-2016,COK,Cook Islands,6367,2016,92,14.45
CRI-2013,CRI,Costa Rica,3271322,2013,10273,3.14
CRI-2014,CRI,Costa Rica,3313654,2014,10965,3.31
CRI-2015,CRI,Costa Rica,3353092,2015,13154,3.92
CRI-2016,CRI,Costa Rica,3389553,2016,20693,6.1
CRI-2017,CRI,Costa Rica,3423989,2017,17573,5.13
CRI-2018,CRI,Costa Rica,3455885,2018,20758,6.01
CRI-2019,CRI,Costa Rica,3484883,2019,16427,4.71
CRI-2020,CRI,Costa Rica,3510806,2020,12686,3.61
CIV-2013,CIV,Côte d'Ivoire,11959618,2013,1342,0.11
CIV-2014,CIV,Côte d'Ivoire,12317078,2014,3664,0.3
CIV-2015,CIV,Côte d'Ivoire,12690450,2015,5758,0.45
CIV-2016,CIV,Côte d'Ivoire,13054498,2016,7881,0.6
CIV-2017,CIV,Côte d'Ivoire,13438829,2017,8043,0.6
CIV-2018,CIV,Côte d'Ivoire,13839237,2018,10233,0.74
CIV-2019,CIV,Côte d'Ivoire,14250103,2019,11210,0.79
CIV-2020,CIV,Côte d'Ivoire,14668684,2020,11451,0.78
HRV-2006,HRV,Croatia,2894527,2006,9913,3.42
HRV-2007,HRV,Croatia,2894882,2007,10603,3.66
HRV-2008,HRV,Croatia,2892514,2008,10156,3.51
HRV-2009,HRV,Croatia,2886823,2009,7806,2.7
HRV-2010,HRV,Croatia,2877813,2010,7139,2.48
HRV-2011,HRV,Croatia,2856126,2011,7116,2.49
HRV-2012,HRV,Croatia,2840765,2012,7949,2.8
HRV-2013,HRV,Croatia,2829802,2013,14186,5.01
HRV-2014,HRV,Croatia,2814384,2014,12964,4.61
HRV-2015,HRV,Croatia,2783338,2015,12558,4.51
HRV-2016,HRV,Croatia,2753101,2016,13502,4.9
HRV-2017,HRV,Croatia,2703200,2017,14918,5.52
HRV-2018,HRV,Croatia,2658840,2018,15585,5.86
HRV-2019,HRV,Croatia,2625245,2019,14633,5.57
HRV-2020,HRV,Croatia,2598553,2020,11539,4.44
CYP-2006,CYP,Cyprus,727065,2006,20280,27.89
CYP-2007,CYP,Cyprus,743237,2007,29016,39.04
CYP-2008,CYP,Cyprus,759205,2008,24453,32.21
CYP-2009,CYP,Cyprus,774041,2009,16101,20.8
CYP-2010,CYP,Cyprus,787131,2010,19278,24.49
CYP-2011,CYP,Cyprus,795452,2011,19538,24.56
CYP-2012,CYP,Cyprus,802068,2012,17999,22.44
CYP-2013,CYP,Cyprus,807171,2013,10847,13.44
CYP-2014,CYP,Cyprus,811525,2014,11169,13.76
CYP-2015,CYP,Cyprus,815842,2015,11270,13.81
CYP-2016,CYP,Cyprus,819172,2016,13645,16.66
CYP-2017,CYP,Cyprus,822807,2017,13677,16.62
CYP-2018,CYP,Cyprus,826455,2018,14526,17.58
CYP-2019,CYP,Cyprus,829948,2019,12781,15.4
CYP-2020,CYP,Cyprus,833248,2020,11053,13.26
CZE-2006,CZE,Czechia,7286247,2006,16395,2.25
CZE-2007,CZE,Czechia,7321482,2007,20938,2.86
CZE-2008,CZE,Czechia,7368581,2008,22633,3.07
CZE-2009,CZE,Czechia,7384196,2009,21717,2.94
CZE-2010,CZE,Czechia,7365424,2010,22456,3.05
CZE-2011,CZE,Czechia,7317324,2011,21173,2.89
CZE-2012,CZE,Czechia,7258124,2012,21571,2.97
CZE-2013,CZE,Czechia,7186005,2013,22227,3.09
CZE-2014,CZE,Czechia,7116772,2014,24366,3.42
CZE-2015,CZE,Czechia,7054347,2015,26068,3.7
CZE-2016,CZE,Czechia,7002546,2016,27881,3.98
CZE-2017,CZE,Czechia,6951850,2017,31195,4.49
CZE-2018,CZE,Czechia,6908658,2018,30336,4.39
CZE-2019,CZE,Czechia,6880827,2019,28758,4.18
CZE-2020,CZE,Czechia,6858148,2020,26024,3.79
DNK-2006,DNK,Denmark,3587339,2006,26508,7.39
DNK-2007,DNK,Denmark,3595618,2007,29233,8.13
DNK-2008,DNK,Denmark,3608862,2008,26228,7.27
DNK-2009,DNK,Denmark,3619861,2009,17576,4.86
DNK-2010,DNK,Denmark,3627218,2010,18814,5.19
DNK-2011,DNK,Denmark,3629632,2011,18386,5.07
DNK-2012,DNK,Denmark,3631273,2012,17218,4.74
DNK-2013,DNK,Denmark,3632226,2013,16992,4.68
DNK-2014,DNK,Denmark,3634226,2014,25933,7.14
DNK-2015,DNK,Denmark,3643647,2015,30282,8.31
DNK-2016,DNK,Denmark,3664797,2016,33645,9.18
DNK-2017,DNK,Denmark,3680871,2017,36341,9.87
DNK-2018,DNK,Denmark,3692214,2018,36982,10.02
DJI-2020,DJI,Djibouti,655848,2020,1142,1.74
DMA-2009,DMA,Dominica,47833,2009,802,16.77
DMA-2010,DMA,Dominica,47833,2010,792,16.56
DMA-2011,DMA,Dominica,47833,2011,884,18.48
DMA-2012,DMA,Dominica,46082,2012,898,19.49
DMA-2013,DMA,Dominica,46082,2013,755,16.38
DMA-2014,DMA,Dominica,46298,2014,874,18.88
DMA-2015,DMA,Dominica,49422,2015,748,15.13
DMA-2016,DMA,Dominica,49472,2016,609,12.31
DMA-2017,DMA,Dominica,49641,2017,339,6.83
DMA-2018,DMA,Dominica,47953,2018,371,7.74
DMA-2019,DMA,Dominica,47953,2019,319,6.65
DMA-2020,DMA,Dominica,47953,2020,268,5.59
DOM-2011,DOM,Dominican Republic,6264104,2011,3257,0.52
DOM-2012,DOM,Dominican Republic,6364834,2012,7219,1.13
DOM-2013,DOM,Dominican Republic,6462221,2013,8131,1.26
DOM-2014,DOM,Dominican Republic,6556641,2014,8059,1.23
DOM-2015,DOM,Dominican Republic,6648321,2015,8367,1.26
DOM-2016,DOM,Dominican Republic,6735367,2016,9363,1.39
DOM-2017,DOM,Dominican Republic,6819792,2017,9597,1.41
DOM-2018,DOM,Dominican Republic,6901275,2018,10204,1.48
EGY-2006,EGY,Egypt,47445205,2006,1055,0.02
EGY-2007,EGY,Egypt,48580885,2007,1533,0.03
EGY-2008,EGY,Egypt,49685560,2008,2029,0.04
EGY-2009,EGY,Egypt,50774503,2009,2094,0.04
EGY-2010,EGY,Egypt,51850640,2010,2515,0.05
EGY-2011,EGY,Egypt,52908712,2011,2331,0.04
EGY-2012,EGY,Egypt,53904414,2012,2785,0.05
EGY-2013,EGY,Egypt,54872338,2013,2867,0.05
EGY-2014,EGY,Egypt,55871428,2014,3334,0.06
EGY-2015,EGY,Egypt,56930105,2015,4109,0.07
EGY-2016,EGY,Egypt,57809111,2016,4682,0.08
EGY-2017,EGY,Egypt,58865210,2017,5702,0.1
EGY-2018,EGY,Egypt,60010346,2018,10877,0.18
EGY-2019,EGY,Egypt,61125132,2019,13920,0.23
EGY-2020,EGY,Egypt,62165379,2020,14768,0.24
SLV-2006,SLV,El Salvador,3610779,2006,1873,0.52
SLV-2007,SLV,El Salvador,3653950,2007,2030,0.56
SLV-2008,SLV,El Salvador,3696848,2008,1828,0.49
SLV-2009,SLV,El Salvador,3741886,2009,1772,0.47
SLV-2010,SLV,El Salvador,3789851,2010,1858,0.49
SLV-2011,SLV,El Salvador,3838960,2011,1781,0.46
SLV-2012,SLV,El Salvador,3892529,2012,1856,0.48
SLV-2013,SLV,El Salvador,3946985,2013,1989,0.5
SLV-2014,SLV,El Salvador,3997000,2014,2082,0.52
SLV-2015,SLV,El Salvador,4039973,2015,2158,0.53
SLV-2016,SLV,El Salvador,4082034,2016,2218,0.54
SLV-2017,SLV,El Salvador,4117125,2017,2149,0.52
SLV-2018,SLV,El Salvador,4146567,2018,2361,0.57
SLV-2019,SLV,El Salvador,4173638,2019,2617,0.63
SLV-2020,SLV,El Salvador,4200364,2020,1771,0.42
EST-2006,EST,Estonia,915809,2006,12070,13.18
EST-2007,EST,Estonia,910562,2007,11599,12.74
EST-2008,EST,Estonia,906562,2008,9661,10.66
EST-2009,EST,Estonia,902296,2009,8183,9.07
EST-2010,EST,Estonia,896652,2010,9212,10.27
EST-2011,EST,Estonia,888349,2011,13141,14.79
EST-2012,EST,Estonia,879415,2012,13524,15.38
EST-2013,EST,Estonia,870282,2013,14242,16.36
EST-2014,EST,Estonia,861690,2014,13867,16.09
EST-2015,EST,Estonia,855639,2015,15005,17.54
EST-2016,EST,Estonia,852779,2016,16572,19.43
EST-2017,EST,Estonia,849251,2017,18461,21.74
EST-2018,EST,Estonia,846284,2018,19950,23.57
EST-2019,EST,Estonia,843176,2019,20899,24.79
EST-2020,EST,Estonia,840278,2020,20329,24.19
SWZ-2006,SWZ,Eswatini,575799,2006,2068,3.59
SWZ-2007,SWZ,Eswatini,581256,2007,1642,2.82
SWZ-2008,SWZ,Eswatini,586932,2008,1549,2.64
SWZ-2009,SWZ,Eswatini,592489,2009,1613,2.72
SWZ-2010,SWZ,Eswatini,597848,2010,1559,2.61
SWZ-2011,SWZ,Eswatini,602969,2011,1454,2.41
SWZ-2012,SWZ,Eswatini,609005,2012,1587,2.61
SWZ-2013,SWZ,Eswatini,615579,2013,1946,3.16
SWZ-2014,SWZ,Eswatini,622188,2014,2402,3.86
SWZ-2015,SWZ,Eswatini,628750,2015,2380,3.79
SWZ-2016,SWZ,Eswatini,639052,2016,2472,3.87
SWZ-2017,SWZ,Eswatini,648426,2017,2213,3.41
SWZ-2018,SWZ,Eswatini,657595,2018,2626,3.99
SWZ-2019,SWZ,Eswatini,667683,2019,2871,4.3
SWZ-2020,SWZ,Eswatini,679215,2020,2961,4.36
ETH-2016,ETH,Ethiopia,56781160,2016,10693,0.19
ETH-2017,ETH,Ethiopia,58798058,2017,34912,0.59
ETH-2018,ETH,Ethiopia,60855347,2018,31198,0.51
FJI-2019,FJI,Fiji,579201,2019,1121,1.94
FJI-2020,FJI,Fiji,584224,2020,1320,2.26
FIN-2006,FIN,Finland,3507533,2006,10247,2.92
FIN-2007,FIN,Finland,3523576,2007,13948,3.96
FIN-2008,FIN,Finland,3540395,2008,14091,3.98
FIN-2009,FIN,Finland,3551641,2009,12254,3.45
FIN-2010,FIN,Finland,3553105,2010,12391,3.49
FIN-2011,FIN,Finland,3544386,2011,12744,3.6
FIN-2012,FIN,Finland,3529791,2012,12506,3.54
FIN-2013,FIN,Finland,3510727,2013,12441,3.54
FIN-2014,FIN,Finland,3490743,2014,11965,3.43
FIN-2015,FIN,Finland,3471884,2015,12625,3.64
FIN-2016,FIN,Finland,3455182,2016,13584,3.93
FIN-2017,FIN,Finland,3440986,2017,13848,4.02
FIN-2018,FIN,Finland,3427018,2018,14700,4.29
FIN-2019,FIN,Finland,3414728,2019,18100,5.3
FIN-2020,FIN,Finland,3405838,2020,20020,5.88
FRA-2006,FRA,France,41357725,2006,136033,3.29
FRA-2007,FRA,France,41606000,2007,160375,3.85
FRA-2008,FRA,France,41819122,2008,161808,3.87
FRA-2009,FRA,France,41971517,2009,152302,3.63
FRA-2010,FRA,France,42053369,2010,163650,3.89
FRA-2011,FRA,France,42065655,2011,166653,3.96
FRA-2012,FRA,France,42019760,2012,159521,3.8
FRA-2013,FRA,France,41950712,2013,158875,3.79
FRA-2014,FRA,France,41868703,2014,165722,3.96
FRA-2015,FRA,France,41770003,2015,171984,4.12
FRA-2016,FRA,France,41682778,2016,188843,4.53
FRA-2017,FRA,France,41637179,2017,197899,4.75
FRA-2018,FRA,France,41609176,2018,201087,4.83
FRA-2019,FRA,France,41564189,2019,218426,5.26
FRA-2020,FRA,France,41508422,2020,218054,5.25
GAB-2006,GAB,Gabon,808602,2006,729,0.9
GAB-2007,GAB,Gabon,840865,2007,1019,1.21
GAB-2008,GAB,Gabon,874922,2008,1069,1.22
GAB-2009,GAB,Gabon,911146,2009,1009,1.11
GAB-2010,GAB,Gabon,949721,2010,1248,1.31
GAB-2011,GAB,Gabon,992018,2011,1251,1.26
GAB-2012,GAB,Gabon,1036950,2012,1258,1.21
GAB-2013,GAB,Gabon,1082663,2013,1421,1.31
GAB-2014,GAB,Gabon,1127187,2014,1620,1.44
GAB-2015,GAB,Gabon,1169403,2015,1544,1.32
GAB-2016,GAB,Gabon,1200824,2016,1175,0.98
GAB-2017,GAB,Gabon,1230488,2017,1192,0.97
GAB-2018,GAB,Gabon,1259066,2018,1218,0.97
GAB-2019,GAB,Gabon,1287811,2019,1475,1.15
GAB-2020,GAB,Gabon,1317793,2020,1275,0.97
GEO-2006,GEO,Georgia,2589823,2006,6073,2.34
GEO-2007,GEO,Georgia,2588599,2007,7627,2.95
GEO-2008,GEO,Georgia,2593319,2008,8658,3.34
GEO-2009,GEO,Georgia,2580489,2009,7725,2.99
GEO-2010,GEO,Georgia,2567536,2010,11265,4.39
GEO-2011,GEO,Georgia,2543624,2011,14091,5.54
GEO-2012,GEO,Georgia,2519263,2012,15004,5.96
GEO-2013,GEO,Georgia,2503452,2013,17761,7.09
GEO-2014,GEO,Georgia,2493684,2014,17608,7.06
GEO-2015,GEO,Georgia,2484190,2015,18432,7.42
GEO-2016,GEO,Georgia,2469523,2016,21299,8.62
GEO-2017,GEO,Georgia,2452928,2017,25554,10.42
GEO-2018,GEO,Georgia,2434900,2018,25238,10.37
GEO-2019,GEO,Georgia,2414664,2019,22588,9.35
GEO-2020,GEO,Georgia,2396506,2020,17905,7.47
DEU-2006,DEU,Germany,54784420,2006,65447,1.19
DEU-2007,DEU,Germany,54552203,2007,65292,1.2
DEU-2008,DEU,Germany,54305247,2008,65812,1.21
DEU-2009,DEU,Germany,54049519,2009,74055,1.37
DEU-2010,DEU,Germany,53873715,2010,73966,1.37
DEU-2011,DEU,Germany,52809101,2011,71190,1.35
DEU-2012,DEU,Germany,52878539,2012,69332,1.31
DEU-2013,DEU,Germany,53010250,2013,68526,1.29
DEU-2014,DEU,Germany,53192333,2014,67458,1.27
DEU-2015,DEU,Germany,53557394,2015,69384,1.3
DEU-2016,DEU,Germany,53852728,2016,70720,1.31
DEU-2017,DEU,Germany,53874035,2017,71801,1.33
DEU-2018,DEU,Germany,53819953,2018,72844,1.35
DEU-2019,DEU,Germany,53709229,2019,73991,1.38
DEU-2020,DEU,Germany,53571067,2020,72774,1.36
GHA-2006,GHA,Ghana,12676255,2006,7651,0.6
GHA-2007,GHA,Ghana,13080121,2007,9624,0.74
GHA-2008,GHA,Ghana,13493569,2008,14485,1.07
GHA-2009,GHA,Ghana,13914886,2009,15324,1.1
GHA-2010,GHA,Ghana,14341334,2010,13760,0.96
GHA-2011,GHA,Ghana,14735647,2011,15649,1.06
GHA-2012,GHA,Ghana,15134181,2012,13154,0.87
GRC-2011,GRC,Greece,7279540,2011,2257,0.31
GRC-2012,GRC,Greece,7214133,2012,3473,0.48
GRC-2013,GRC,Greece,7136265,2013,4894,0.69
GRC-2014,GRC,Greece,7063412,2014,5072,0.72
GRC-2015,GRC,Greece,6992363,2015,4746,0.68
GRC-2016,GRC,Greece,6952093,2016,5750,0.83
GRC-2017,GRC,Greece,6925566,2017,7733,1.12
GRC-2018,GRC,Greece,6898397,2018,9921,1.44
GRC-2019,GRC,Greece,6879174,2019,11980,1.74
GRC-2020,GRC,Greece,6864347,2020,12047,1.76
GRD-2006,GRD,Grenada,66919,2006,201,3.0
GRD-2007,GRD,Grenada,67753,2007,207,3.06
GRD-2008,GRD,Grenada,68590,2008,186,2.71
GRD-2009,GRD,Grenada,69466,2009,120,1.73
GRD-2010,GRD,Grenada,70361,2010,147,2.09
GRD-2011,GRD,Grenada,70954,2011,136,1.92
GRD-2012,GRD,Grenada,71717,2012,123,1.72
GRD-2013,GRD,Grenada,72491,2013,164,2.26
GRD-2014,GRD,Grenada,73141,2014,175,2.39
GRD-2015,GRD,Grenada,73625,2015,228,3.1
GRD-2016,GRD,Grenada,74056,2016,228,3.08
GRD-2017,GRD,Grenada,74321,2017,273,3.67
GRD-2018,GRD,Grenada,74467,2018,247,3.32
GRD-2019,GRD,Grenada,74599,2019,257,3.45
GRD-2020,GRD,Grenada,74747,2020,217,2.9
GTM-2006,GTM,Guatemala,7136493,2006,4830,0.68
GTM-2007,GTM,Guatemala,7350948,2007,4945,0.67
GTM-2008,GTM,Guatemala,7576686,2008,5490,0.72
GTM-2009,GTM,Guatemala,7806027,2009,5112,0.65
GTM-2010,GTM,Guatemala,8034407,2010,5049,0.63
GTM-2011,GTM,Guatemala,8276713,2011,5088,0.61
GTM-2012,GTM,Guatemala,8512533,2012,4182,0.49
GTM-2013,GTM,Guatemala,8746882,2013,4540,0.52
GTM-2014,GTM,Guatemala,8984298,2014,4708,0.52
GTM-2015,GTM,Guatemala,9225408,2015,4936,0.54
GTM-2016,GTM,Guatemala,9456706,2016,4878,0.52
GTM-2017,GTM,Guatemala,9693118,2017,5675,0.59
GTM-2018,GTM,Guatemala,9931186,2018,5497,0.55
GTM-2019,GTM,Guatemala,10163604,2019,6404,0.63
GTM-2020,GTM,Guatemala,10387351,2020,6229,0.6
GIN-2014,GIN,Guinea,5777359,2014,792,0.14
GIN-2015,GIN,Guinea,5954581,2015,1427,0.24
GIN-2016,GIN,Guinea,6158656,2016,1852,0.3
GIN-2017,GIN,Guinea,6377056,2017,2346,0.37
GIN-2018,GIN,Guinea,6607358,2018,2630,0.4
GIN-2019,GIN,Guinea,6846423,2019,3121,0.46
GIN-2020,GIN,Guinea,7091540,2020,3192,0.45
GUY-2006,GUY,Guyana,446330,2006,116,0.26
GUY-2007,GUY,Guyana,452732,2007,23,0.05
GUY-2008,GUY,Guyana,459799,2008,30,0.07
GUY-2009,GUY,Guyana,466831,2009,142,0.3
GUY-2010,GUY,Guyana,473386,2010,119,0.25
GUY-2011,GUY,Guyana,478839,2011,229,0.48
GUY-2012,GUY,Guyana,484097,2012,327,0.68
GUY-2013,GUY,Guyana,489075,2013,348,0.71
GUY-2014,GUY,Guyana,493797,2014,316,0.64
GUY-2015,GUY,Guyana,498255,2015,227,0.46
GUY-2016,GUY,Guyana,501893,2016,440,0.88
GUY-2017,GUY,Guyana,505578,2017,469,0.93
GUY-2018,GUY,Guyana,508966,2018,589,1.16
GUY-2019,GUY,Guyana,511610,2019,885,1.73
GUY-2020,GUY,Guyana,513376,2020,819,1.6
HTI-2006,HTI,Haiti,5409734,2006,190,0.04
HTI-2007,HTI,Haiti,5527840,2007,201,0.04
HTI-2008,HTI,Haiti,5647639,2008,199,0.04
HTI-2009,HTI,Haiti,5769996,2009,301,0.05
HTI-2010,HTI,Haiti,5895247,2010,383,0.06
HKG-2006,HKG,Hong Kong,5064722,2006,81974,16.19
HKG-2007,HKG,Hong Kong,5139327,2007,100761,19.61
HKG-2008,HKG,Hong Kong,5198289,2008,98645,18.98
HKG-2009,HKG,Hong Kong,5229852,2009,109424,20.92
HKG-2010,HKG,Hong Kong,5276866,2010,139530,26.44
HKG-2011,HKG,Hong Kong,5311823,2011,148329,27.92
HKG-2012,HKG,Hong Kong,5362466,2012,150165,28.0
HKG-2013,HKG,Hong Kong,5365124,2013,174031,32.44
HKG-2014,HKG,Hong Kong,5370433,2014,167280,31.15
HKG-2015,HKG,Hong Kong,5369755,2015,139209,25.92
HKG-2016,HKG,Hong Kong,5359413,2016,144883,27.03
HKG-2017,HKG,Hong Kong,5338161,2017,160229,30.02
HKG-2018,HKG,Hong Kong,5306904,2018,151739,28.59
HKG-2019,HKG,Hong Kong,5268321,2019,124741,23.68
HKG-2020,HKG,Hong Kong,5172228,2020,99405,19.22
HUN-2006,HUN,Hungary,6930944,2006,22008,3.18
HUN-2007,HUN,Hungary,6921074,2007,27335,3.95
HUN-2008,HUN,Hungary,6915089,2008,43598,6.3
HUN-2009,HUN,Hungary,6912717,2009,42046,6.08
HUN-2010,HUN,Hungary,6904786,2010,44269,6.41
HUN-2011,HUN,Hungary,6873528,2011,52217,7.6
HUN-2012,HUN,Hungary,6826448,2012,32311,4.73
HUN-2013,HUN,Hungary,6792201,2013,28207,4.15
HUN-2014,HUN,Hungary,6750522,2014,24479,3.63
HUN-2015,HUN,Hungary,6701387,2015,21048,3.14
HUN-2016,HUN,Hungary,6636894,2016,22328,3.36
HUN-2017,HUN,Hungary,6562819,2017,22783,3.47
HUN-2018,HUN,Hungary,6493935,2018,24252,3.73
HUN-2019,HUN,Hungary,6436478,2019,25376,3.94
HUN-2020,HUN,Hungary,6379098,2020,25608,4.01
ISL-2006,ISL,Iceland,201363,2006,3166,15.72
ISL-2007,ISL,Iceland,207445,2007,3648,17.59
ISL-2008,ISL,Iceland,212216,2008,2548,12.01
ISL-2009,ISL,Iceland,213605,2009,2625,12.29
ISL-2010,ISL,Iceland,213715,2010,1623,7.59
ISL-2011,ISL,Iceland,213713,2011,1700,7.95
ISL-2012,ISL,Iceland,214157,2012,1745,8.15
ISL-2013,ISL,Iceland,215407,2013,1935,8.98
ISL-2014,ISL,Iceland,216932,2014,2047,9.44
ISL-2015,ISL,Iceland,218248,2015,2363,10.83
ISL-2016,ISL,Iceland,220678,2016,2654,12.03
ISL-2017,ISL,Iceland,225218,2017,2576,11.44
ISL-2018,ISL,Iceland,230583,2018,2301,9.98
ISL-2019,ISL,Iceland,234945,2019,2199,9.36
ISL-2020,ISL,Iceland,238007,2020,2484,10.44
IND-2006,IND,India,732023639,2006,49721,0.07
IND-2007,IND,India,746636061,2007,62919,0.08
IND-2008,IND,India,761335665,2008,70303,0.09
IND-2009,IND,India,776202642,2009,60813,0.08
IND-2010,IND,India,791275567,2010,86645,0.11
IND-2011,IND,India,805553067,2011,97405,0.12
IND-2012,IND,India,820295461,2012,103078,0.13
IND-2013,IND,India,835217793,2013,91841,0.11
IND-2014,IND,India,849862019,2014,69841,0.08
IND-2015,IND,India,863969043,2015,80546,0.09
IND-2016,IND,India,877814039,2016,93714,0.11
IND-2017,IND,India,890731260,2017,107492,0.12
IND-2018,IND,India,903115190,2018,117834,0.13
IND-2019,IND,India,915551973,2019,128565,0.14
IND-2020,IND,India,928266848,2020,142000,0.15
IDN-2006,IDN,Indonesia,150457184,2006,23535,0.16
IDN-2007,IDN,Indonesia,152986404,2007,24964,0.16
IDN-2008,IDN,Indonesia,155417131,2008,39302,0.25
IDN-2009,IDN,Indonesia,157775352,2009,29604,0.19
IDN-2010,IDN,Indonesia,160116952,2010,38106,0.24
IDN-2011,IDN,Indonesia,162834657,2011,43906,0.27
IDN-2012,IDN,Indonesia,165487914,2012,47714,0.29
IDN-2013,IDN,Indonesia,168130541,2013,51151,0.3
IDN-2014,IDN,Indonesia,170817349,2014,57926,0.34
IDN-2015,IDN,Indonesia,173544645,2015,57079,0.33
IDN-2016,IDN,Indonesia,175878309,2016,58426,0.33
IRN-2020,IRN,"Iran, Islamic Republic of",57695557,2020,36158,0.63
IRQ-2006,IRQ,Iraq,14991538,2006,3759,0.25
IRQ-2007,IRQ,Iraq,15250619,2007,3508,0.23
IRQ-2008,IRQ,Iraq,15522351,2008,5293,0.34
IRQ-2009,IRQ,Iraq,15863752,2009,4707,0.3
IRQ-2010,IRQ,Iraq,16308982,2010,2532,0.16
IRQ-2011,IRQ,Iraq,17033717,2011,1967,0.12
IRQ-2012,IRQ,Iraq,17862517,2012,2450,0.14
IRQ-2013,IRQ,Iraq,18750462,2013,3044,0.16
IRQ-2014,IRQ,Iraq,19638482,2014,1958,0.1
IRQ-2015,IRQ,Iraq,20484555,2015,1801,0.09
IRQ-2016,IRQ,Iraq,21141845,2016,2020,0.1
IRL-2006,IRL,Ireland,2955513,2006,19175,6.49
IRL-2007,IRL,Ireland,3034132,2007,18526,6.11
IRL-2008,IRL,Ireland,3086191,2008,14590,4.73
IRL-2009,IRL,Ireland,3105774,2009,13185,4.25
IRL-2010,IRL,Ireland,3110223,2010,13793,4.43
IRL-2011,IRL,Ireland,3096398,2011,14312,4.62
IRL-2012,IRL,Ireland,3082560,2012,13773,4.47
IRL-2013,IRL,Ireland,3072327,2013,14876,4.84
IRL-2014,IRL,Ireland,3068647,2014,17601,5.74
IRL-2015,IRL,Ireland,3072081,2015,19207,6.25
IRL-2016,IRL,Ireland,3095584,2016,20750,6.7
IRL-2017,IRL,Ireland,3119517,2017,22048,7.07
IRL-2018,IRL,Ireland,3150506,2018,22217,7.05
IRL-2019,IRL,Ireland,3188906,2019,22561,7.07
IRL-2020,IRL,Ireland,3226081,2020,21873,6.78
IMN-2006,IMN,Isle of Man,49607,2006,3694,74.47
IMN-2007,IMN,Isle of Man,49968,2007,4112,82.29
IMN-2008,IMN,Isle of Man,50249,2008,4164,82.87
IMN-2009,IMN,Isle of Man,50516,2009,2136,42.28
IMN-2010,IMN,Isle of Man,50516,2010,2480,49.09
IMN-2011,IMN,Isle of Man,50516,2011,2265,44.84
IMN-2012,IMN,Isle of Man,50516,2012,2019,39.97
IMN-2013,IMN,Isle of Man,50516,2013,2202,43.59
IMN-2014,IMN,Isle of Man,50516,2014,2092,41.41
IMN-2015,IMN,Isle of Man,56075,2015,1960,34.95
IMN-2016,IMN,Isle of Man,56075,2016,1832,32.67
ISR-2006,ISR,Israel,4392383,2006,14035,3.2
ISR-2007,ISR,Israel,4477347,2007,15680,3.5
ISR-2008,ISR,Israel,4559949,2008,14607,3.2
ISR-2009,ISR,Israel,4668708,2009,14462,3.1
ISR-2010,ISR,Israel,4748577,2010,16276,3.43
ISR-2011,ISR,Israel,4818704,2011,15833,3.29
ISR-2012,ISR,Israel,4887353,2012,14246,2.91
ISR-2013,ISR,Israel,4956123,2013,14201,2.87
ISR-2014,ISR,Israel,5027873,2014,15409,3.06
ISR-2015,ISR,Israel,5104539,2015,16587,3.25
ISR-2016,ISR,Israel,5178968,2016,17624,3.4
ISR-2017,ISR,Israel,5256726,2017,17213,3.27
ISR-2018,ISR,Israel,5338364,2018,17456,3.27
ISR-2019,ISR,Israel,5423867,2019,17303,3.19
ISR-2020,ISR,Israel,5507760,2020,16898,3.07
ITA-2006,ITA,Italy,38358790,2006,87113,2.27
ITA-2007,ITA,Italy,38478501,2007,90950,2.36
ITA-2008,ITA,Italy,38683286,2008,87665,2.27
ITA-2009,ITA,Italy,38798488,2009,83042,2.14
ITA-2010,ITA,Italy,38823371,2010,87415,2.25
ITA-2011,ITA,Italy,38757674,2011,80028,2.06
ITA-2012,ITA,Italy,38712836,2012,75646,1.95
ITA-2013,ITA,Italy,39007077,2013,83470,2.14
ITA-2014,ITA,Italy,39223884,2014,91583,2.33
ITA-2015,ITA,Italy,39071616,2015,99983,2.56
ITA-2016,ITA,Italy,38898890,2016,102135,2.63
ITA-2017,ITA,Italy,38758774,2017,110756,2.86
ITA-2018,ITA,Italy,38621108,2018,114360,2.96
JAM-2006,JAM,Jamaica,1721518,2006,1954,1.14
JAM-2007,JAM,Jamaica,1744998,2007,2024,1.16
JAM-2008,JAM,Jamaica,1768906,2008,2137,1.21
JAM-2009,JAM,Jamaica,1793981,2009,2057,1.15
JAM-2010,JAM,Jamaica,1819694,2010,2020,1.11
JAM-2011,JAM,Jamaica,1844051,2011,1897,1.03
JAM-2012,JAM,Jamaica,1868182,2012,1946,1.04
JAM-2013,JAM,Jamaica,1891553,2013,1948,1.03
JAM-2014,JAM,Jamaica,1913524,2014,1775,0.93
JAM-2015,JAM,Jamaica,1933815,2015,2227,1.15
JAM-2016,JAM,Jamaica,1949955,2016,2544,1.3
JAM-2017,JAM,Jamaica,1965510,2017,2733,1.39
JAM-2018,JAM,Jamaica,1979654,2018,3159,1.6
JAM-2019,JAM,Jamaica,1991455,2019,3819,1.92
JAM-2020,JAM,Jamaica,2000681,2020,3964,1.98
JPN-2007,JPN,Japan,84116655,2007,6187,0.07
JPN-2008,JPN,Japan,83563130,2008,5503,0.07
JPN-2009,JPN,Japan,82886937,2009,5884,0.07
JPN-2010,JPN,Japan,82153251,2010,7269,0.09
JPN-2011,JPN,Japan,81219621,2011,9246,0.11
JPN-2012,JPN,Japan,80252578,2012,11031,0.14
JPN-2013,JPN,Japan,79281609,2013,14729,0.19
JPN-2014,JPN,Japan,78362321,2014,19972,0.25
JPN-2015,JPN,Japan,77544929,2015,22387,0.29
JPN-2016,JPN,Japan,76823835,2016,23944,0.31
JPN-2017,JPN,Japan,76168000,2017,27422,0.36
JPN-2018,JPN,Japan,75571759,2018,29243,0.39
JPN-2019,JPN,Japan,75032834,2019,30733,0.41
JPN-2020,JPN,Japan,74437254,2020,33411,0.45
JOR-2006,JOR,Jordan,3504951,2006,2387,0.68
JOR-2007,JOR,Jordan,3665972,2007,2191,0.6
JOR-2008,JOR,Jordan,3849206,2008,2513,0.65
JOR-2009,JOR,Jordan,4053346,2009,2895,0.71
JOR-2010,JOR,Jordan,4276455,2010,3286,0.77
JOR-2011,JOR,Jordan,4524066,2011,3759,0.83
JOR-2012,JOR,Jordan,4792490,2012,4141,0.86
JOR-2013,JOR,Jordan,5068173,2013,4442,0.88
JOR-2014,JOR,Jordan,5335525,2014,4356,0.82
JOR-2015,JOR,Jordan,5584745,2015,3654,0.65
JOR-2016,JOR,Jordan,5804859,2016,3659,0.63
JOR-2017,JOR,Jordan,5999064,2017,4175,0.7
JOR-2018,JOR,Jordan,6169333,2018,3499,0.57
JOR-2019,JOR,Jordan,6318040,2019,3078,0.49
JOR-2020,JOR,Jordan,6447615,2020,2778,0.43
KAZ-2006,KAZ,Kazakhstan,10430083,2006,12361,1.19
KAZ-2007,KAZ,Kazakhstan,10605282,2007,19739,1.86
KAZ-2008,KAZ,Kazakhstan,10860235,2008,13935,1.28
KAZ-2009,KAZ,Kazakhstan,11115952,2009,3240,0.29
KAZ-2010,KAZ,Kazakhstan,11283976,2010,707,0.06
KAZ-2011,KAZ,Kazakhstan,11387642,2011,14223,1.25
KAZ-2012,KAZ,Kazakhstan,11475051,2012,15404,1.34
KAZ-2013,KAZ,Kazakhstan,11551018,2013,19601,1.7
KAZ-2014,KAZ,Kazakhstan,11617712,2014,15072,1.3
KAZ-2015,KAZ,Kazakhstan,11673506,2015,10682,0.92
KAZ-2016,KAZ,Kazakhstan,11703874,2016,21583,1.84
KAZ-2017,KAZ,Kazakhstan,11715232,2017,28004,2.39
KAZ-2018,KAZ,Kazakhstan,11723906,2018,23464,2.0
KAZ-2019,KAZ,Kazakhstan,11749963,2019,32906,2.8
KAZ-2020,KAZ,Kazakhstan,11806487,2020,41211,3.49
KEN-2017,KEN,Kenya,28823865,2017,37733,1.31
KEN-2018,KEN,Kenya,29745324,2018,44381,1.49
KEN-2019,KEN,Kenya,30694153,2019,42085,1.37
KEN-2020,KEN,Kenya,31671946,2020,49037,1.55
KIR-2006,KIR,Kiribati,56825,2006,4,0.07
KIR-2007,KIR,Kiribati,58224,2007,3,0.05
KIR-2008,KIR,Kiribati,59379,2008,2,0.03
KIR-2009,KIR,Kiribati,60634,2009,3,0.05
KIR-2010,KIR,Kiribati,62100,2010,4,0.06
KIR-2011,KIR,Kiribati,63118,2011,3,0.05
KIR-2012,KIR,Kiribati,64436,2012,5,0.08
KIR-2013,KIR,Kiribati,65894,2013,2,0.03
KIR-2014,KIR,Kiribati,67173,2014,2,0.03
KIR-2015,KIR,Kiribati,68157,2015,3,0.04
KIR-2016,KIR,Kiribati,69086,2016,4,0.06
KIR-2017,KIR,Kiribati,69667,2017,4,0.06
KIR-2018,KIR,Kiribati,70093,2018,2,0.03
KWT-2006,KWT,Kuwait,1725473,2006,3289,1.91
KWT-2007,KWT,Kuwait,1836532,2007,3408,1.86
KWT-2008,KWT,Kuwait,1961013,2008,2391,1.22
KWT-2009,KWT,Kuwait,2095688,2009,850,0.41
KWT-2010,KWT,Kuwait,2237493,2010,887,0.4
KWT-2011,KWT,Kuwait,2377822,2011,967,0.41
KWT-2012,KWT,Kuwait,2526878,2012,1080,0.43
KWT-2013,KWT,Kuwait,2677180,2013,1373,0.51
KWT-2014,KWT,Kuwait,2817690,2014,1903,0.68
KWT-2015,KWT,Kuwait,2941004,2015,3449,1.17
KWT-2016,KWT,Kuwait,3025452,2016,5370,1.77
KWT-2017,KWT,Kuwait,3090550,2017,9679,3.13
KWT-2018,KWT,Kuwait,3140662,2018,18157,5.78
KWT-2019,KWT,Kuwait,3183340,2019,21926,6.89
KWT-2020,KWT,Kuwait,3224360,2020,10603,3.29
KGZ-2006,KGZ,Kyrgyzstan,3340049,2006,3211,0.96
KGZ-2007,KGZ,Kyrgyzstan,3402850,2007,2906,0.85
KGZ-2008,KGZ,Kyrgyzstan,3461071,2008,3721,1.08
KGZ-2009,KGZ,Kyrgyzstan,3520961,2009,3161,0.9
KGZ-2010,KGZ,Kyrgyzstan,3572715,2010,2905,0.81
KGZ-2011,KGZ,Kyrgyzstan,3613051,2011,3433,0.95
KGZ-2012,KGZ,Kyrgyzstan,3661332,2012,3379,0.92
KGZ-2013,KGZ,Kyrgyzstan,3715169,2013,4035,1.09
KGZ-2014,KGZ,Kyrgyzstan,3767382,2014,4100,1.09
KGZ-2015,KGZ,Kyrgyzstan,3822237,2015,4499,1.18
KGZ-2016,KGZ,Kyrgyzstan,3874021,2016,4936,1.27
LAO-2008,LAO,Lao People's Democratic Republic,3532584,2008,40,0.01
LAO-2009,LAO,Lao People's Democratic Republic,3638574,2009,173,0.05
LAO-2010,LAO,Lao People's Democratic Republic,3742510,2010,149,0.04
LAO-2011,LAO,Lao People's Democratic Republic,3840371,2011,209,0.05
LAO-2012,LAO,Lao People's Democratic Republic,3938141,2012,212,0.05
LAO-2013,LAO,Lao People's Democratic Republic,4034528,2013,215,0.05
LAO-2014,LAO,Lao People's Democratic Republic,4127597,2014,203,0.05
LAO-2015,LAO,Lao People's Democratic Republic,4216695,2015,223,0.05
LAO-2016,LAO,Lao People's Democratic Republic,4304814,2016,263,0.06
LAO-2017,LAO,Lao People's Democratic Republic,4389136,2017,315,0.07
LAO-2018,LAO,Lao People's Democratic Republic,4471406,2018,427,0.1
LAO-2019,LAO,Lao People's Democratic Republic,4554972,2019,901,0.2
LAO-2020,LAO,Lao People's Democratic Republic,4641338,2020,699,0.15
LVA-2006,LVA,Latvia,1515875,2006,11231,7.41
LVA-2007,LVA,Latvia,1501639,2007,11970,7.97
LVA-2008,LVA,Latvia,1483833,2008,8931,6.02
LVA-2009,LVA,Latvia,1455985,2009,7171,4.93
LVA-2010,LVA,Latvia,1420719,2010,11898,8.37
LVA-2011,LVA,Latvia,1386771,2011,16840,12.14
LVA-2012,LVA,Latvia,1360772,2012,15752,11.58
LVA-2013,LVA,Latvia,1336809,2013,15352,11.48
LVA-2014,LVA,Latvia,1314303,2014,13995,10.65
LVA-2015,LVA,Latvia,1293047,2015,12551,9.71
LVA-2016,LVA,Latvia,1275493,2016,10319,8.09
LVA-2017,LVA,Latvia,1254506,2017,9340,7.45
LVA-2018,LVA,Latvia,1232632,2018,9864,8.0
LVA-2019,LVA,Latvia,1212516,2019,9595,7.91
LVA-2020,LVA,Latvia,1195703,2020,8234,6.89
LSO-2006,LSO,Lesotho,1169206,2006,875,0.75
LSO-2007,LSO,Lesotho,1175640,2007,1042,0.89
LSO-2008,LSO,Lesotho,1184602,2008,1397,1.18
LSO-2009,LSO,Lesotho,1194897,2009,1501,1.26
LSO-2010,LSO,Lesotho,1205899,2010,1720,1.43
LSO-2011,LSO,Lesotho,1214902,2011,1575,1.3
LSO-2012,LSO,Lesotho,1225835,2012,1795,1.46
LSO-2013,LSO,Lesotho,1239098,2013,2032,1.64
LSO-2014,LSO,Lesotho,1254813,2014,1933,1.54
LSO-2015,LSO,Lesotho,1272385,2015,2572,2.02
LSO-2016,LSO,Lesotho,1285193,2016,2301,1.79
LSO-2017,LSO,Lesotho,1299803,2017,2443,1.88
LSO-2018,LSO,Lesotho,1315228,2018,3725,2.83
LSO-2019,LSO,Lesotho,1330571,2019,2872,2.16
LSO-2020,LSO,Lesotho,1345616,2020,1981,1.47
LBR-2011,LBR,Liberia,2158036,2011,15,0.01
LBR-2012,LBR,Liberia,2228463,2012,30,0.01
LBR-2013,LBR,Liberia,2299276,2013,34,0.01
LBR-2014,LBR,Liberia,2372020,2014,39,0.02
LBR-2015,LBR,Liberia,2447750,2015,21,0.01
LBR-2016,LBR,Liberia,2522749,2016,31,0.01
LBR-2017,LBR,Liberia,2600263,2017,32,0.01
LBR-2018,LBR,Liberia,2680391,2018,58,0.02
LBR-2019,LBR,Liberia,2763023,2019,54,0.02
LBR-2020,LBR,Liberia,2847943,2020,60,0.02
LIE-2008,LIE,Liechtenstein,24088,2008,15,0.62
LIE-2009,LIE,Liechtenstein,24137,2009,7,0.29
LIE-2010,LIE,Liechtenstein,24279,2010,12,0.49
LIE-2011,LIE,Liechtenstein,24421,2011,20,0.82
LIE-2012,LIE,Liechtenstein,24565,2012,24,0.98
LIE-2013,LIE,Liechtenstein,24709,2013,30,1.21
LIE-2014,LIE,Liechtenstein,24854,2014,29,1.17
LIE-2015,LIE,Liechtenstein,24956,2015,29,1.16
LIE-2016,LIE,Liechtenstein,25670,2016,34,1.32
LIE-2017,LIE,Liechtenstein,25848,2017,127,4.91
LIE-2018,LIE,Liechtenstein,25848,2018,163,6.31
LTU-2006,LTU,Lithuania,2203368,2006,5307,2.41
LTU-2007,LTU,Lithuania,2182569,2007,6578,3.01
LTU-2008,LTU,Lithuania,2165656,2008,5432,2.51
LTU-2009,LTU,Lithuania,2146413,2009,5399,2.52
LTU-2010,LTU,Lithuania,2105015,2010,6522,3.1
LTU-2011,LTU,Lithuania,2052782,2011,7799,3.8
LTU-2012,LTU,Lithuania,2019161,2012,10976,5.44
LTU-2013,LTU,Lithuania,1991560,2013,8057,4.05
LTU-2014,LTU,Lithuania,1966235,2014,8481,4.31
LTU-2015,LTU,Lithuania,1938149,2015,6184,3.19
LTU-2016,LTU,Lithuania,1904209,2016,6352,3.34
LTU-2017,LTU,Lithuania,1865942,2017,6578,3.53
LTU-2018,LTU,Lithuania,1832561,2018,6072,3.31
LTU-2019,LTU,Lithuania,1807978,2019,5909,3.27
LTU-2020,LTU,Lithuania,1785928,2020,5305,2.97
LUX-2009,LUX,Luxembourg,339213,2009,3567,10.52
LUX-2010,LUX,Luxembourg,346568,2010,4397,12.69
LUX-2011,LUX,Luxembourg,355809,2011,1919,5.39
LUX-2012,LUX,Luxembourg,365858,2012,5127,14.01
LUX-2013,LUX,Luxembourg,375779,2013,5937,15.8
LUX-2014,LUX,Luxembourg,386096,2014,6777,17.55
LUX-2015,LUX,Luxembourg,396603,2015,6642,16.75
LUX-2016,LUX,Luxembourg,405770,2016,6207,15.3
LUX-2017,LUX,Luxembourg,416411,2017,6636,15.94
LUX-2018,LUX,Luxembourg,425188,2018,7309,17.19
MDG-2014,MDG,Madagascar,13012457,2014,1557,0.12
MDG-2015,MDG,Madagascar,13455384,2015,1543,0.11
MDG-2016,MDG,Madagascar,13897810,2016,1572,0.11
MDG-2017,MDG,Madagascar,14344418,2017,1904,0.13
MDG-2018,MDG,Madagascar,14797535,2018,1881,0.13
MWI-2006,MWI,Malawi,6584878,2006,420,0.06
MWI-2007,MWI,Malawi,6772099,2007,628,0.09
MWI-2008,MWI,Malawi,6970654,2008,797,0.11
MWI-2009,MWI,Malawi,7184012,2009,619,0.09
MYS-2006,MYS,Malaysia,17145977,2006,38293,2.23
MYS-2007,MYS,Malaysia,17573459,2007,43337,2.47
MYS-2008,MYS,Malaysia,18016934,2008,41623,2.31
MYS-2009,MYS,Malaysia,18472321,2009,41638,2.25
MYS-2010,MYS,Malaysia,18927789,2010,44202,2.34
MYS-2011,MYS,Malaysia,19364284,2011,45455,2.35
MYS-2012,MYS,Malaysia,19763743,2012,45441,2.3
MYS-2013,MYS,Malaysia,20139068,2013,46321,2.3
MYS-2014,MYS,Malaysia,20504718,2014,49203,2.4
MYS-2015,MYS,Malaysia,20867238,2015,49510,2.37
MYS-2016,MYS,Malaysia,21197148,2016,46555,2.2
MYS-2017,MYS,Malaysia,21531344,2017,52085,2.42
MYS-2018,MYS,Malaysia,21859364,2018,51722,2.37
MYS-2019,MYS,Malaysia,22168121,2019,50932,2.3
MYS-2020,MYS,Malaysia,22451709,2020,47834,2.13
MDV-2006,MDV,Maldives,214781,2006,910,4.24
MDV-2007,MDV,Maldives,224346,2007,1014,4.52
MDV-2008,MDV,Maldives,234026,2008,1068,4.56
MDV-2009,MDV,Maldives,244585,2009,878,3.59
MDV-2010,MDV,Maldives,256571,2010,746,2.91
MDV-2011,MDV,Maldives,271295,2011,818,3.02
MDV-2012,MDV,Maldives,287632,2012,763,2.65
MDV-2013,MDV,Maldives,305023,2013,721,2.36
MDV-2014,MDV,Maldives,322806,2014,1063,3.29
MDV-2015,MDV,Maldives,340473,2015,1184,3.48
MDV-2016,MDV,Maldives,358509,2016,1247,3.48
MDV-2017,MDV,Maldives,376402,2017,1260,3.35
MDV-2018,MDV,Maldives,392702,2018,1090,2.78
MDV-2019,MDV,Maldives,405913,2019,1280,3.15
MDV-2020,MDV,Maldives,415173,2020,1153,2.78
MLI-2009,MLI,Mali,7255860,2009,312,0.04
MLI-2010,MLI,Mali,7489609,2010,864,0.12
MLI-2011,MLI,Mali,7690768,2011,532,0.07
MLI-2012,MLI,Mali,7904700,2012,1501,0.19
MLI-2013,MLI,Mali,8132356,2013,1772,0.22
MLI-2014,MLI,Mali,8375334,2014,1709,0.2
MLI-2015,MLI,Mali,8635850,2015,1558,0.18
MLI-2016,MLI,Mali,8915098,2016,2382,0.27
MLI-2017,MLI,Mali,9212205,2017,1330,0.14
MLI-2018,MLI,Mali,9529202,2018,3151,0.33
MLI-2019,MLI,Mali,9868362,2019,4033,0.41
MLI-2020,MLI,Mali,10229820,2020,2741,0.27
MLT-2006,MLT,Malta,280404,2006,2830,10.09
MLT-2007,MLT,Malta,282419,2007,2663,9.43
MLT-2008,MLT,Malta,284800,2008,2740,9.62
MLT-2009,MLT,Malta,286804,2009,2582,9.0
MLT-2010,MLT,Malta,287325,2010,3005,10.46
MLT-2011,MLT,Malta,287186,2011,3325,11.58
MLT-2012,MLT,Malta,288023,2012,3936,13.67
MLT-2013,MLT,Malta,289937,2013,4477,15.44
MLT-2014,MLT,Malta,293398,2014,5014,17.09
MLT-2015,MLT,Malta,298101,2015,5372,18.02
MLT-2016,MLT,Malta,302415,2016,5125,16.95
MLT-2017,MLT,Malta,308331,2017,5276,17.11
MLT-2018,MLT,Malta,316821,2018,5527,17.45
MLT-2019,MLT,Malta,326905,2019,4172,12.76
MLT-2020,MLT,Malta,337770,2020,3396,10.05
MRT-2016,MRT,Mauritania,2351039,2016,994,0.42
MRT-2017,MRT,Mauritania,2424230,2017,1122,0.46
MRT-2018,MRT,Mauritania,2500011,2018,959,0.38
MUS-2006,MUS,Mauritius,850041,2006,7435,8.75
MUS-2007,MUS,Mauritius,858837,2007,8888,10.35
MUS-2008,MUS,Mauritius,867995,2008,9012,10.38
MUS-2009,MUS,Mauritius,875401,2009,6631,7.57
MUS-2010,MUS,Mauritius,880629,2010,7442,8.45
MUS-2011,MUS,Mauritius,885203,2011,7239,8.18
MUS-2012,MUS,Mauritius,888850,2012,6817,7.67
MUS-2013,MUS,Mauritius,890511,2013,6353,7.13
MUS-2014,MUS,Mauritius,891403,2014,7091,7.95
MUS-2015,MUS,Mauritius,891976,2015,7845,8.8
MUS-2016,MUS,Mauritius,892710,2016,8851,9.91
MUS-2017,MUS,Mauritius,893967,2017,8757,9.8
MUS-2018,MUS,Mauritius,894976,2018,8285,7.05
MUS-2019,MUS,Mauritius,895384,2019,6316,7.05
MUS-2020,MUS,Mauritius,894816,2020,6312,7.05
MEX-2006,MEX,Mexico,67617392,2006,22116,0.33
MEX-2007,MEX,Mexico,69038033,2007,26337,0.38
MEX-2008,MEX,Mexico,70515912,2008,27226,0.39
MEX-2009,MEX,Mexico,71989500,2009,38581,0.54
MEX-2010,MEX,Mexico,73417829,2010,45321,0.62
MEX-2011,MEX,Mexico,74830472,2011,44786,0.6
MEX-2012,MEX,Mexico,76177534,2012,31028,0.41
MEX-2013,MEX,Mexico,77469712,2013,42562,0.55
MEX-2014,MEX,Mexico,78734900,2014,43617,0.55
MEX-2015,MEX,Mexico,79986921,2015,46174,0.58
MEX-2016,MEX,Mexico,81180237,2016,45256,0.56
MEX-2017,MEX,Mexico,82377996,2017,82948,1.01
MEX-2018,MEX,Mexico,83562863,2018,83903,1.0
MEX-2019,MEX,Mexico,84707882,2019,84320,1.0
MEX-2020,MEX,Mexico,85800403,2020,68114,0.79
FSM-2018,FSM,"Micronesia, Federated States of",72423,2018,25,0.35
MNG-2006,MNG,Mongolia,1742807,2006,12529,7.19
MNG-2007,MNG,Mongolia,1780279,2007,11840,6.65
MNG-2008,MNG,Mongolia,1814728,2008,10137,5.59
MNG-2009,MNG,Mongolia,1848130,2009,7796,4.22
MNG-2010,MNG,Mongolia,1881449,2010,9215,4.9
MNG-2011,MNG,Mongolia,1909673,2011,11305,5.92
MNG-2012,MNG,Mongolia,1938532,2012,11255,5.81
MNG-2013,MNG,Mongolia,1966716,2013,12804,6.51
MNG-2014,MNG,Mongolia,1993018,2014,12930,6.49
MNG-2015,MNG,Mongolia,2017159,2015,11035,5.47
MNG-2016,MNG,Mongolia,2036934,2016,10009,4.91
MNG-2017,MNG,Mongolia,2056856,2017,12322,5.99
MNG-2018,MNG,Mongolia,2076709,2018,11524,5.55
MNG-2019,MNG,Mongolia,2096757,2019,12455,5.94
MNG-2020,MNG,Mongolia,2117604,2020,12532,5.92
MNE-2006,MNE,Montenegro,411232,2006,3051,7.42
MNE-2007,MNE,Montenegro,412999,2007,4276,10.35
MNE-2008,MNE,Montenegro,415282,2008,3399,8.18
MNE-2009,MNE,Montenegro,417760,2009,2334,5.59
MNE-2010,MNE,Montenegro,419905,2010,2370,5.64
MNE-2011,MNE,Montenegro,420637,2011,2356,5.6
MNE-2012,MNE,Montenegro,421284,2012,2491,5.91
MNE-2013,MNE,Montenegro,421830,2013,2900,6.87
MNE-2014,MNE,Montenegro,421953,2014,3080,7.3
MNE-2015,MNE,Montenegro,421318,2015,3013,7.15
MNE-2016,MNE,Montenegro,420209,2016,2818,6.71
MNE-2017,MNE,Montenegro,418247,2017,3182,7.61
MNE-2018,MNE,Montenegro,415744,2018,4694,11.29
MNE-2019,MNE,Montenegro,413404,2019,4131,9.99
MNE-2020,MNE,Montenegro,411488,2020,3270,7.95
MAR-2006,MAR,Morocco,19673838,2006,17601,0.89
MAR-2007,MAR,Morocco,20034751,2007,24734,1.23
MAR-2008,MAR,Morocco,20409134,2008,26531,1.3
MAR-2009,MAR,Morocco,20778933,2009,27221,1.31
MAR-2010,MAR,Morocco,21134003,2010,27892,1.32
MAR-2011,MAR,Morocco,21506040,2011,30157,1.4
MAR-2012,MAR,Morocco,21860228,2012,32951,1.51
MAR-2013,MAR,Morocco,22196314,2013,33278,1.5
MAR-2014,MAR,Morocco,22521348,2014,34766,1.54
MAR-2015,MAR,Morocco,22838672,2015,35840,1.57
MAR-2016,MAR,Morocco,23119709,2016,39030,1.69
MAR-2017,MAR,Morocco,23410351,2017,40088,1.71
MAR-2018,MAR,Morocco,23700192,2018,45399,1.92
MAR-2019,MAR,Morocco,23972902,2019,49909,2.08
MAR-2020,MAR,Morocco,24222688,2020,54250,2.24
MOZ-2014,MOZ,Mozambique,13533864,2014,2595,0.19
MOZ-2015,MOZ,Mozambique,13975280,2015,3168,0.23
MOZ-2016,MOZ,Mozambique,14439469,2016,3607,0.25
MOZ-2017,MOZ,Mozambique,14938224,2017,3554,0.24
MOZ-2018,MOZ,Mozambique,15467246,2018,3300,0.21
MOZ-2019,MOZ,Mozambique,16019167,2019,4699,0.29
MOZ-2020,MOZ,Mozambique,16588943,2020,3925,0.24
MMR-2006,MMR,Myanmar,31710390,2006,530,0.02
MMR-2007,MMR,Myanmar,31997695,2007,538,0.02
MMR-2008,MMR,Myanmar,32294220,2008,704,0.02
MMR-2009,MMR,Myanmar,32613841,2009,757,0.02
MMR-2010,MMR,Myanmar,32965688,2010,1186,0.04
MMR-2011,MMR,Myanmar,33408573,2011,1944,0.06
MMR-2012,MMR,Myanmar,33876291,2012,3078,0.09
MMR-2013,MMR,Myanmar,34359029,2013,4076,0.12
MMR-2014,MMR,Myanmar,34840105,2014,4521,0.13
MMR-2015,MMR,Myanmar,35303511,2015,4765,0.13
MMR-2016,MMR,Myanmar,35708535,2016,6663,0.19
MMR-2017,MMR,Myanmar,36082447,2017,7558,0.21
MMR-2018,MMR,Myanmar,36438038,2018,14051,0.39
NAM-2006,NAM,Namibia,1129202,2006,672,0.6
NAM-2007,NAM,Namibia,1156567,2007,708,0.61
NAM-2008,NAM,Namibia,1183554,2008,981,0.83
NAM-2009,NAM,Namibia,1210919,2009,875,0.72
NAM-2010,NAM,Namibia,1238780,2010,747,0.6
NAM-2011,NAM,Namibia,1264118,2011,829,0.66
NAM-2012,NAM,Namibia,1291305,2012,1050,0.81
NAM-2013,NAM,Namibia,1319406,2013,1044,0.79
NAM-2014,NAM,Namibia,1347092,2014,1112,0.83
NAM-2015,NAM,Namibia,1373974,2015,1226,0.89
NAM-2016,NAM,Namibia,1401235,2016,1409,1.01
NAM-2017,NAM,Namibia,1428325,2017,1140,0.8
NAM-2018,NAM,Namibia,1455605,2018,2850,1.96
NAM-2019,NAM,Namibia,1483893,2019,1155,0.78
NAM-2020,NAM,Namibia,1513698,2020,852,0.56
NPL-2006,NPL,Nepal,14844766,2006,5596,0.38
NPL-2007,NPL,Nepal,15142058,2007,7178,0.47
NPL-2008,NPL,Nepal,15412293,2008,8510,0.55
NPL-2009,NPL,Nepal,15650887,2009,9893,0.63
NPL-2010,NPL,Nepal,15856476,2010,9750,0.61
NPL-2011,NPL,Nepal,15965957,2011,10000,0.63
NPL-2012,NPL,Nepal,16059411,2012,10456,0.65
NPL-2013,NPL,Nepal,16162565,2013,9359,0.58
NPL-2014,NPL,Nepal,16304563,2014,11971,0.73
NPL-2015,NPL,Nepal,16507814,2015,12446,0.75
NPL-2016,NPL,Nepal,16924304,2016,17222,1.02
NPL-2017,NPL,Nepal,17408259,2017,19268,1.11
NPL-2018,NPL,Nepal,17941378,2018,24088,1.34
NPL-2019,NPL,Nepal,18494692,2019,18085,0.98
NPL-2020,NPL,Nepal,19044441,2020,25859,1.36
NLD-2016,NLD,Netherlands,11078548,2016,31509,2.84
NLD-2017,NLD,Netherlands,11110457,2017,31981,2.88
NLD-2018,NLD,Netherlands,11148111,2018,33084,2.97
NLD-2019,NLD,Netherlands,11189384,2019,33284,2.97
NLD-2020,NLD,Netherlands,11208290,2020,34777,3.1
NZL-2006,NZL,New Zealand,2781336,2006,67842,24.39
NZL-2007,NZL,New Zealand,2809736,2007,70351,25.04
NZL-2008,NZL,New Zealand,2834758,2008,53401,18.84
NZL-2009,NZL,New Zealand,2862340,2009,48316,16.88
NZL-2010,NZL,New Zealand,2891030,2010,45168,15.62
NZL-2011,NZL,New Zealand,2902789,2011,42172,14.53
NZL-2012,NZL,New Zealand,2909454,2012,43860,15.07
NZL-2013,NZL,New Zealand,2922995,2013,45419,15.54
NZL-2014,NZL,New Zealand,2962680,2014,48904,16.51
NZL-2015,NZL,New Zealand,3013718,2015,52337,17.37
NZL-2016,NZL,New Zealand,3073135,2016,58130,18.92
NZL-2017,NZL,New Zealand,3126644,2017,57917,18.52
NZL-2018,NZL,New Zealand,3170401,2018,56380,17.78
NZL-2019,NZL,New Zealand,3208633,2019,53098,16.55
NZL-2020,NZL,New Zealand,3264172,2020,58375,17.88
NER-2016,NER,Niger,9824443,2016,762,0.08
NER-2017,NER,Niger,10221463,2017,759,0.07
NER-2018,NER,Niger,10642540,2018,931,0.09
NGA-2006,NGA,Nigeria,76180639,2006,34531,0.45
NGA-2007,NGA,Nigeria,78070732,2007,46240,0.59
NGA-2008,NGA,Nigeria,80071755,2008,64017,0.8
NGA-2009,NGA,Nigeria,82171811,2009,65089,0.79
NGA-2010,NGA,Nigeria,84365597,2010,65074,0.77
NGA-2011,NGA,Nigeria,86485958,2011,72396,0.84
NGA-2012,NGA,Nigeria,88719102,2012,81144,0.91
NGA-2013,NGA,Nigeria,91078088,2013,74391,0.82
NGA-2014,NGA,Nigeria,93584269,2014,71941,0.77
NGA-2015,NGA,Nigeria,96245480,2015,70441,0.73
NGA-2016,NGA,Nigeria,98834061,2016,75380,0.76
NGA-2017,NGA,Nigeria,101616615,2017,78540,0.77
NGA-2018,NGA,Nigeria,104569626,2018,86309,0.83
NGA-2019,NGA,Nigeria,107654969,2019,90748,0.84
NGA-2020,NGA,Nigeria,110850172,2020,97988,0.88
MKD-2006,MKD,North Macedonia,1425328,2006,8000,5.61
MKD-2007,MKD,North Macedonia,1434681,2007,9313,6.49
MKD-2008,MKD,North Macedonia,1444427,2008,9703,6.72
MKD-2009,MKD,North Macedonia,1453076,2009,8074,5.56
MKD-2010,MKD,North Macedonia,1459821,2010,6729,4.61
MKD-2011,MKD,North Macedonia,1465686,2011,6015,4.1
MKD-2012,MKD,North Macedonia,1469138,2012,5394,3.67
MKD-2013,MKD,North Macedonia,1470391,2013,5453,3.71
MKD-2014,MKD,North Macedonia,1470161,2014,5524,3.76
MKD-2015,MKD,North Macedonia,1468848,2015,5794,3.94
MKD-2016,MKD,North Macedonia,1464073,2016,5687,3.88
MKD-2017,MKD,North Macedonia,1459249,2017,5438,3.73
MKD-2018,MKD,North Macedonia,1454171,2018,5282,3.63
MKD-2019,MKD,North Macedonia,1448440,2019,5688,3.93
MKD-2020,MKD,North Macedonia,1441960,2020,4985,3.46
NOR-2006,NOR,Norway,3066079,2006,34813,11.35
NOR-2007,NOR,Norway,3106621,2007,20375,6.56
NOR-2008,NOR,Norway,3152918,2008,17372,5.51
NOR-2009,NOR,Norway,3198518,2009,12842,4.01
NOR-2010,NOR,Norway,3241628,2010,13946,4.3
NOR-2011,NOR,Norway,3279501,2011,16249,4.95
NOR-2012,NOR,Norway,3317550,2012,25614,7.72
NOR-2013,NOR,Norway,3351653,2013,26295,7.85
NOR-2014,NOR,Norway,3383016,2014,25885,7.65
NOR-2015,NOR,Norway,3410713,2015,26706,7.83
NOR-2016,NOR,Norway,3434052,2016,27918,8.13
NOR-2017,NOR,Norway,3456146,2017,29890,8.65
NOR-2018,NOR,Norway,3474085,2018,29959,8.62
NOR-2019,NOR,Norway,3492944,2019,30263,8.66
NOR-2020,NOR,Norway,3508296,2020,33128,9.44
OMN-2006,OMN,Oman,1724249,2006,2516,1.46
OMN-2007,OMN,Oman,1818599,2007,3815,2.1
OMN-2008,OMN,Oman,1919107,2008,4345,2.26
OMN-2009,OMN,Oman,2036435,2009,3646,1.79
OMN-2010,OMN,Oman,2178348,2010,3811,1.75
OMN-2011,OMN,Oman,2373092,2011,5116,2.16
OMN-2012,OMN,Oman,2593623,2012,5091,1.96
OMN-2013,OMN,Oman,2823602,2013,4481,1.59
OMN-2014,OMN,Oman,3042674,2014,3538,1.16
OMN-2015,OMN,Oman,3238348,2015,6716,2.07
OMN-2016,OMN,Oman,3395398,2016,7666,2.26
OMN-2017,OMN,Oman,3528129,2017,5807,1.65
OMN-2018,OMN,Oman,3639527,2018,5425,1.49
OMN-2019,OMN,Oman,3737862,2019,6503,1.74
OMN-2020,OMN,Oman,3830074,2020,5804,1.52
PAK-2006,PAK,Pakistan,92399584,2006,4117,0.04
PAK-2007,PAK,Pakistan,95241842,2007,3356,0.04
PAK-2008,PAK,Pakistan,98165302,2008,3458,0.04
PAK-2009,PAK,Pakistan,101152817,2009,2414,0.02
PAK-2010,PAK,Pakistan,104187043,2010,2868,0.03
PAK-2011,PAK,Pakistan,107101806,2011,3367,0.03
PAK-2012,PAK,Pakistan,110060746,2012,3928,0.04
PAK-2013,PAK,Pakistan,113060252,2013,3937,0.03
PAK-2014,PAK,Pakistan,116096389,2014,4680,0.04
PAK-2015,PAK,Pakistan,119164298,2015,5385,0.05
PAK-2016,PAK,Pakistan,122150863,2016,6716,0.05
PAK-2017,PAK,Pakistan,125175221,2017,9624,0.08
PAK-2018,PAK,Pakistan,128222837,2018,12991,0.1
PAK-2019,PAK,Pakistan,131288856,2019,15958,0.12
PAK-2020,PAK,Pakistan,134372752,2020,19791,0.15
PAN-2013,PAN,Panama,2470496,2013,30203,12.23
PAN-2014,PAN,Panama,2516911,2014,29488,11.72
PAN-2015,PAN,Panama,2563687,2015,26387,10.29
PAN-2016,PAN,Panama,2610788,2016,22953,8.79
PAN-2017,PAN,Panama,2659155,2017,18068,6.79
PAN-2018,PAN,Panama,2707987,2018,15416,5.69
PAN-2019,PAN,Panama,2756239,2019,16177,5.87
PAN-2020,PAN,Panama,2803151,2020,11833,4.22
PRY-2019,PRY,Paraguay,4522647,2019,1018,0.23
PRY-2020,PRY,Paraguay,4585897,2020,226,0.05
PER-2006,PER,Peru,17637164,2006,37735,2.14
PER-2007,PER,Peru,17855679,2007,47561,2.66
PER-2008,PER,Peru,18066513,2008,55674,3.08
PER-2009,PER,Peru,18275481,2009,55879,3.06
PER-2010,PER,Peru,18487502,2010,60247,3.26
PER-2011,PER,Peru,18701547,2011,71295,3.81
PER-2012,PER,Peru,18933056,2012,75210,3.97
PER-2013,PER,Peru,19176446,2013,74742,3.9
PER-2014,PER,Peru,19425194,2014,74488,3.83
PER-2015,PER,Peru,19681872,2015,79531,4.04
PER-2016,PER,Peru,20207763,2016,75835,3.75
PER-2017,PER,Peru,20698745,2017,79513,3.84
PER-2018,PER,Peru,21151623,2018,79798,3.77
PER-2019,PER,Peru,21571350,2019,88782,4.12
PER-2020,PER,Peru,21953512,2020,83351,3.8
PHL-2006,PHL,Philippines,52586114,2006,13325,0.25
PHL-2007,PHL,Philippines,53883967,2007,12285,0.23
PHL-2008,PHL,Philippines,55252065,2008,13470,0.24
PHL-2009,PHL,Philippines,56685248,2009,11435,0.2
PHL-2010,PHL,Philippines,58138731,2010,11714,0.2
PHL-2011,PHL,Philippines,59396986,2011,17495,0.29
PHL-2012,PHL,Philippines,60664608,2012,18515,0.31
PHL-2013,PHL,Philippines,61922309,2013,20231,0.33
PHL-2014,PHL,Philippines,63178605,2014,21066,0.33
PHL-2015,PHL,Philippines,64449670,2015,21453,0.33
PHL-2016,PHL,Philippines,65635165,2016,22412,0.34
PHL-2017,PHL,Philippines,66884608,2017,24379,0.36
PHL-2018,PHL,Philippines,68165589,2018,20092,0.29
PHL-2019,PHL,Philippines,69420734,2019,21835,0.31
PHL-2020,PHL,Philippines,70620268,2020,15161,0.21
POL-2006,POL,Poland,26938980,2006,13110,0.49
POL-2007,POL,Poland,27036802,2007,13781,0.51
POL-2008,POL,Poland,27130959,2008,12678,0.47
POL-2009,POL,Poland,27201173,2009,14434,0.53
POL-2010,POL,Poland,27128349,2010,18120,0.67
POL-2011,POL,Poland,27048558,2011,19320,0.71
POL-2012,POL,Poland,26941406,2012,24753,0.92
POL-2013,POL,Poland,26793429,2013,29891,1.12
POL-2014,POL,Poland,26602465,2014,30155,1.13
POL-2015,POL,Poland,26371771,2015,40224,1.53
POL-2016,POL,Poland,26152707,2016,43523,1.66
POL-2017,POL,Poland,25894815,2017,38903,1.5
POL-2018,POL,Poland,25606338,2018,36879,1.44
POL-2019,POL,Poland,25322105,2019,40248,1.59
POL-2020,POL,Poland,25063789,2020,41143,1.64
PRT-2006,PRT,Portugal,7058312,2006,31849,4.51
PRT-2007,PRT,Portugal,7049027,2007,34720,4.93
PRT-2008,PRT,Portugal,7041354,2008,31324,4.45
PRT-2009,PRT,Portugal,7031896,2009,28381,4.04
PRT-2010,PRT,Portugal,7017376,2010,28501,4.06
PRT-2011,PRT,Portugal,6984656,2011,31896,4.57
PRT-2012,PRT,Portugal,6932379,2012,27803,4.01
PRT-2013,PRT,Portugal,6868294,2013,32081,4.67
PRT-2014,PRT,Portugal,6804022,2014,31860,4.68
PRT-2015,PRT,Portugal,6748422,2015,34120,5.06
PRT-2016,PRT,Portugal,6707573,2016,33651,5.02
PRT-2017,PRT,Portugal,6672042,2017,37571,5.63
PRT-2018,PRT,Portugal,6642139,2018,43114,6.49
PRT-2019,PRT,Portugal,6623451,2019,46880,7.08
PRT-2020,PRT,Portugal,6613469,2020,36076,5.45
PRI-2015,PRI,Puerto Rico,2270470,2015,4811,2.12
PRI-2016,PRI,Puerto Rico,2218360,2016,5564,2.51
PRI-2017,PRI,Puerto Rico,2155672,2017,5793,2.69
PRI-2018,PRI,Puerto Rico,2059364,2018,8477,4.12
PRI-2019,PRI,Puerto Rico,2045310,2019,10352,5.06
PRI-2020,PRI,Puerto Rico,2025668,2020,11218,5.54
QAT-2006,QAT,Qatar,823630,2006,3697,4.49
QAT-2007,QAT,Qatar,1011777,2007,4190,4.14
QAT-2008,QAT,Qatar,1216542,2008,4365,3.59
QAT-2009,QAT,Qatar,1418503,2009,4033,2.84
QAT-2010,QAT,Qatar,1603836,2010,5068,3.16
QAT-2011,QAT,Qatar,1754244,2011,6067,3.46
QAT-2012,QAT,Qatar,1890851,2012,5784,3.06
QAT-2013,QAT,Qatar,2008883,2013,5986,2.98
QAT-2014,QAT,Qatar,2109136,2014,7196,3.41
QAT-2015,QAT,Qatar,2195415,2015,5619,2.56
QAT-2016,QAT,Qatar,2266634,2016,11535,5.09
QAT-2017,QAT,Qatar,2323024,2017,14082,6.06
QAT-2018,QAT,Qatar,2366910,2018,14824,6.26
ROU-2006,ROU,Romania,14647869,2006,92979,6.35
ROU-2007,ROU,Romania,14422200,2007,102745,7.12
ROU-2008,ROU,Romania,14152524,2008,100646,7.11
ROU-2009,ROU,Romania,13998668,2009,56690,4.05
ROU-2010,ROU,Romania,13880704,2010,51859,3.74
ROU-2011,ROU,Romania,13770831,2011,65842,4.78
ROU-2012,ROU,Romania,13677968,2012,61542,4.5
ROU-2013,ROU,Romania,13597261,2013,60292,4.43
ROU-2014,ROU,Romania,13503208,2014,56381,4.18
ROU-2015,ROU,Romania,13377211,2015,64417,4.82
ROU-2016,ROU,Romania,13230919,2016,73889,5.58
ROU-2017,ROU,Romania,13059559,2017,98405,7.54
ROU-2018,ROU,Romania,12877502,2018,94244,7.32
ROU-2019,ROU,Romania,12714770,2019,94869,7.46
ROU-2020,ROU,Romania,12583904,2020,78419,6.23
RUS-2006,RUS,Russian Federation,101933930,2006,419318,4.11
RUS-2007,RUS,Russian Federation,102218499,2007,403914,3.95
RUS-2008,RUS,Russian Federation,102575819,2008,415693,4.05
RUS-2009,RUS,Russian Federation,102808860,2009,257170,2.5
RUS-2010,RUS,Russian Federation,102803549,2010,258327,2.51
RUS-2011,RUS,Russian Federation,102546469,2011,157281,1.53
RUS-2012,RUS,Russian Federation,102128015,2012,397952,3.9
RUS-2013,RUS,Russian Federation,101568410,2013,398782,3.93
RUS-2014,RUS,Russian Federation,100929443,2014,427388,4.23
RUS-2015,RUS,Russian Federation,100247192,2015,456046,4.55
RUS-2016,RUS,Russian Federation,99343827,2016,433464,4.36
RUS-2017,RUS,Russian Federation,98406200,2017,390299,3.97
RUS-2018,RUS,Russian Federation,97394275,2018,317475,3.26
RUS-2019,RUS,Russian Federation,96392551,2019,281834,2.92
RUS-2020,RUS,Russian Federation,95294313,2020,214895,2.26
RWA-2006,RWA,Rwanda,4991311,2006,247,0.05
RWA-2007,RWA,Rwanda,5138938,2007,314,0.06
RWA-2008,RWA,Rwanda,5291410,2008,430,0.08
RWA-2009,RWA,Rwanda,5448744,2009,1310,0.24
RWA-2010,RWA,Rwanda,5610944,2010,3641,0.65
RWA-2011,RWA,Rwanda,5763753,2011,6039,1.05
RWA-2012,RWA,Rwanda,5926085,2012,8511,1.44
RWA-2013,RWA,Rwanda,6096535,2013,9291,1.52
RWA-2014,RWA,Rwanda,6271286,2014,9998,1.59
RWA-2015,RWA,Rwanda,6448492,2015,9887,1.53
RWA-2016,RWA,Rwanda,6640772,2016,10099,1.52
RWA-2017,RWA,Rwanda,6830837,2017,10005,1.46
RWA-2018,RWA,Rwanda,7022730,2018,10547,1.5
RWA-2019,RWA,Rwanda,7223330,2019,12552,1.74
RWA-2020,RWA,Rwanda,7435405,2020,16105,2.17
WSM-2006,WSM,Samoa,101089,2006,44,0.44
WSM-2007,WSM,Samoa,102225,2007,37,0.36
WSM-2008,WSM,Samoa,103399,2008,56,0.54
WSM-2009,WSM,Samoa,104501,2009,81,0.78
WSM-2010,WSM,Samoa,105478,2010,94,0.89
WSM-2011,WSM,Samoa,106730,2011,100,0.94
WSM-2012,WSM,Samoa,107901,2012,88,0.82
WSM-2013,WSM,Samoa,108827,2013,95,0.87
WSM-2014,WSM,Samoa,109397,2014,117,1.07
WSM-2015,WSM,Samoa,109659,2015,129,1.18
WSM-2016,WSM,Samoa,110410,2016,110,1.0
WSM-2017,WSM,Samoa,110905,2017,138,1.24
WSM-2018,WSM,Samoa,111555,2018,126,1.13
WSM-2019,WSM,Samoa,112743,2019,125,1.11
WSM-2020,WSM,Samoa,114518,2020,82,0.72
STP-2013,STP,Sao Tome and Principe,102946,2013,292,2.84
STP-2014,STP,Sao Tome and Principe,104996,2014,316,3.01
STP-2015,STP,Sao Tome and Principe,107259,2015,315,2.94
STP-2016,STP,Sao Tome and Principe,109690,2016,360,3.28
STP-2017,STP,Sao Tome and Principe,112318,2017,298,2.65
STP-2018,STP,Sao Tome and Principe,115127,2018,266,2.31
STP-2019,STP,Sao Tome and Principe,118047,2019,264,2.24
STP-2020,STP,Sao Tome and Principe,121051,2020,268,2.21
SAU-2006,SAU,Saudi Arabia,15692265,2006,3246,0.21
SAU-2007,SAU,Saudi Arabia,16359463,2007,4021,0.25
SAU-2008,SAU,Saudi Arabia,17042003,2008,4808,0.28
SAU-2009,SAU,Saudi Arabia,17741430,2009,5158,0.29
SAU-2010,SAU,Saudi Arabia,18462082,2010,5762,0.31
SAU-2011,SAU,Saudi Arabia,19316606,2011,6645,0.34
SAU-2012,SAU,Saudi Arabia,20180982,2012,8461,0.42
SAU-2013,SAU,Saudi Arabia,21031110,2013,8942,0.43
SAU-2014,SAU,Saudi Arabia,21835325,2014,9995,0.46
SAU-2015,SAU,Saudi Arabia,22569169,2015,11046,0.49
SAU-2016,SAU,Saudi Arabia,23154558,2016,10598,0.46
SAU-2017,SAU,Saudi Arabia,23678403,2017,10903,0.46
SAU-2018,SAU,Saudi Arabia,24145688,2018,12116,0.5
SAU-2019,SAU,Saudi Arabia,24577777,2019,17367,0.71
SAU-2020,SAU,Saudi Arabia,24998205,2020,15920,0.64
SEN-2006,SEN,Senegal,6045777,2006,1054,0.17
SEN-2007,SEN,Senegal,6214646,2007,3050,0.49
SEN-2008,SEN,Senegal,6389395,2008,1701,0.27
SEN-2009,SEN,Senegal,6571680,2009,2242,0.34
SEN-2010,SEN,Senegal,6762208,2010,1745,0.26
SEN-2011,SEN,Senegal,6949178,2011,1815,0.26
SEN-2012,SEN,Senegal,7147093,2012,1945,0.27
SEN-2013,SEN,Senegal,7354600,2013,2116,0.29
SEN-2014,SEN,Senegal,7570335,2014,2359,0.31
SEN-2015,SEN,Senegal,7794338,2015,3258,0.42
SEN-2016,SEN,Senegal,8030114,2016,3420,0.43
SEN-2017,SEN,Senegal,8278519,2017,3715,0.45
SEN-2018,SEN,Senegal,8538782,2018,4004,0.47
SEN-2019,SEN,Senegal,8810083,2019,4285,0.49
SEN-2020,SEN,Senegal,9092003,2020,4284,0.47
SRB-2006,SRB,Serbia,4973794,2006,11021,2.22
SRB-2007,SRB,Serbia,4974349,2007,11337,2.28
SRB-2008,SRB,Serbia,4973412,2008,10958,2.2
SRB-2009,SRB,Serbia,4967558,2009,9814,1.98
SRB-2010,SRB,Serbia,4952679,2010,9333,1.88
SRB-2011,SRB,Serbia,4910997,2011,8319,1.69
SRB-2012,SRB,Serbia,4877059,2012,8505,1.74
SRB-2013,SRB,Serbia,4836941,2013,8558,1.77
SRB-2014,SRB,Serbia,4793306,2014,8081,1.69
SRB-2015,SRB,Serbia,4745329,2015,7929,1.67
SRB-2016,SRB,Serbia,4700815,2016,8288,1.76
SRB-2017,SRB,Serbia,4653380,2017,8671,1.86
SRB-2018,SRB,Serbia,4606042,2018,8671,1.88
SRB-2019,SRB,Serbia,4564308,2019,9034,1.98
SRB-2020,SRB,Serbia,4530026,2020,9030,1.99
SYC-2006,SYC,Seychelles,57729,2006,113,1.96
SYC-2007,SYC,Seychelles,58264,2007,369,6.33
SYC-2008,SYC,Seychelles,59903,2008,384,6.41
SYC-2009,SYC,Seychelles,60477,2009,143,2.36
SYC-2010,SYC,Seychelles,62493,2010,127,2.03
SYC-2011,SYC,Seychelles,60905,2011,115,1.89
SYC-2012,SYC,Seychelles,61579,2012,165,2.68
SYC-2013,SYC,Seychelles,62760,2013,124,1.98
SYC-2014,SYC,Seychelles,63682,2014,111,1.74
SYC-2015,SYC,Seychelles,64977,2015,142,2.19
SYC-2016,SYC,Seychelles,65674,2016,111,1.69
SYC-2017,SYC,Seychelles,66220,2017,102,1.54
SYC-2018,SYC,Seychelles,66543,2018,167,2.51
SYC-2019,SYC,Seychelles,66830,2019,157,2.35
SYC-2020,SYC,Seychelles,67118,2020,109,1.62
SLE-2006,SLE,Sierra Leone,3098223,2006,333,0.11
SLE-2007,SLE,Sierra Leone,3189394,2007,375,0.12
SLE-2008,SLE,Sierra Leone,3276159,2008,555,0.17
SLE-2009,SLE,Sierra Leone,3364482,2009,688,0.2
SLE-2010,SLE,Sierra Leone,3458379,2010,905,0.26
SLE-2011,SLE,Sierra Leone,3546429,2011,831,0.23
SLE-2012,SLE,Sierra Leone,3640652,2012,1069,0.29
SLE-2013,SLE,Sierra Leone,3740275,2013,1046,0.28
SLE-2014,SLE,Sierra Leone,3844130,2014,682,0.18
SLE-2015,SLE,Sierra Leone,3951598,2015,986,0.25
SLE-2016,SLE,Sierra Leone,4058227,2016,1082,0.27
SLE-2017,SLE,Sierra Leone,4168178,2017,1233,0.3
SLE-2018,SLE,Sierra Leone,4282079,2018,1980,0.46
SGP-2006,SGP,Singapore,3347294,2006,19575,5.85
SGP-2007,SGP,Singapore,3516747,2007,23850,6.78
SGP-2008,SGP,Singapore,3744457,2008,23544,6.29
SGP-2009,SGP,Singapore,3896763,2009,24234,6.22
SGP-2010,SGP,Singapore,3997725,2010,27483,6.87
SGP-2011,SGP,Singapore,4074425,2011,29781,7.31
SGP-2012,SGP,Singapore,4167133,2012,31531,7.57
SGP-2013,SGP,Singapore,4231259,2013,34766,8.22
SGP-2014,SGP,Singapore,4286418,2014,38306,8.94
SGP-2015,SGP,Singapore,4335049,2015,34076,7.86
SGP-2016,SGP,Singapore,4370443,2016,35020,8.01
SGP-2017,SGP,Singapore,4333088,2017,37172,8.58
SGP-2018,SGP,Singapore,4299961,2018,43050,10.01
SGP-2019,SGP,Singapore,4293383,2019,43762,10.19
SGP-2020,SGP,Singapore,4227243,2020,42217,9.99
SVK-2006,SVK,Slovakia,3857447,2006,13499,3.5
SVK-2007,SVK,Slovakia,3869817,2007,16004,4.14
SVK-2008,SVK,Slovakia,3881205,2008,17603,4.54
SVK-2009,SVK,Slovakia,3890304,2009,15805,4.06
SVK-2010,SVK,Slovakia,3893288,2010,17519,4.5
SVK-2011,SVK,Slovakia,3887870,2011,19003,4.89
SVK-2012,SVK,Slovakia,3882636,2012,19950,5.14
SVK-2013,SVK,Slovakia,3871841,2013,26749,6.91
SVK-2014,SVK,Slovakia,3855758,2014,12884,3.34
SVK-2015,SVK,Slovakia,3834363,2015,12445,3.25
SVK-2016,SVK,Slovakia,3811923,2016,18072,4.74
SVK-2017,SVK,Slovakia,3784686,2017,19813,5.24
SVK-2018,SVK,Slovakia,3754166,2018,19723,5.25
SVK-2019,SVK,Slovakia,3725177,2019,20566,5.52
SVK-2020,SVK,Slovakia,3698210,2020,18969,5.13
SVN-2006,SVN,Slovenia,1413518,2006,3892,2.75
SVN-2007,SVN,Slovenia,1417132,2007,4957,3.5
SVN-2008,SVN,Slovenia,1413361,2008,6091,4.31
SVN-2009,SVN,Slovenia,1419821,2009,5837,4.11
SVN-2010,SVN,Slovenia,1420088,2010,5441,3.83
SVN-2011,SVN,Slovenia,1414614,2011,5754,4.07
SVN-2012,SVN,Slovenia,1410613,2012,6177,4.38
SVN-2013,SVN,Slovenia,1405720,2013,6107,4.34
SVN-2014,SVN,Slovenia,1398718,2014,6243,4.46
SVN-2015,SVN,Slovenia,1389102,2015,5478,3.94
SVN-2016,SVN,Slovenia,1378214,2016,4239,3.08
SVN-2017,SVN,Slovenia,1365356,2017,4512,3.3
SVN-2018,SVN,Slovenia,1355732,2018,4118,3.04
SVN-2019,SVN,Slovenia,1351354,2019,3911,2.89
SVN-2020,SVN,Slovenia,1346723,2020,3265,2.42
ZAF-2006,ZAF,South Africa,31436933,2006,306082,9.74
ZAF-2007,ZAF,South Africa,31968712,2007,326303,10.21
ZAF-2008,ZAF,South Africa,32491761,2008,287704,8.85
ZAF-2009,ZAF,South Africa,33027157,2009,279397,8.46
ZAF-2010,ZAF,South Africa,33586672,2010,206826,6.16
ZAF-2011,ZAF,South Africa,34106325,2011,180877,5.3
ZAF-2012,ZAF,South Africa,34672869,2012,220910,6.37
ZAF-2013,ZAF,South Africa,35259374,2013,239596,6.8
ZAF-2014,ZAF,South Africa,35832808,2014,235602,6.58
ZAF-2015,ZAF,South Africa,36377456,2015,315677,8.68
ZAF-2016,ZAF,South Africa,36908427,2016,376727,10.21
ZAF-2019,ZAF,South Africa,38423838,2019,409536,10.66
ZAF-2020,ZAF,South Africa,38959544,2020,486900,12.5
SSD-2006,SSD,South Sudan,4159346,2006,333,0.08
SSD-2007,SSD,South Sudan,4379907,2007,1176,0.27
SSD-2008,SSD,South Sudan,4609646,2008,3221,0.7
SSD-2009,SSD,South Sudan,4836891,2009,2505,0.52
SSD-2010,SSD,South Sudan,5053892,2010,937,0.19
SSD-2011,SSD,South Sudan,5232807,2011,4459,0.85
SSD-2012,SSD,South Sudan,5396987,2012,4430,0.82
SSD-2013,SSD,South Sudan,5545825,2013,3627,0.65
SSD-2014,SSD,South Sudan,5678758,2014,1961,0.35
SSD-2015,SSD,South Sudan,5797444,2015,759,0.13
SSD-2016,SSD,South Sudan,5882417,2016,1765,0.3
ESP-2006,ESP,Spain,30593189,2006,141830,4.64
ESP-2007,ESP,Spain,31079725,2007,138879,4.47
ESP-2008,ESP,Spain,31486311,2008,99473,3.16
ESP-2009,ESP,Spain,31675586,2009,74333,2.35
ESP-2010,ESP,Spain,31743266,2010,75885,2.39
ESP-2011,ESP,Spain,31656950,2011,81027,2.56
ESP-2012,ESP,Spain,31516639,2012,84399,2.68
ESP-2013,ESP,Spain,31273135,2013,90373,2.89
ESP-2014,ESP,Spain,31037663,2014,91544,2.95
ESP-2015,ESP,Spain,30861123,2015,91750,2.97
ESP-2016,ESP,Spain,30830121,2016,98824,3.21
ESP-2017,ESP,Spain,30821805,2017,92613,3.0
ESP-2018,ESP,Spain,30865221,2018,93560,3.03
ESP-2019,ESP,Spain,31002217,2019,92010,2.97
ESP-2020,ESP,Spain,31073481,2020,77541,2.5
LKA-2008,LKA,Sri Lanka,13466576,2008,4321,0.32
LKA-2009,LKA,Sri Lanka,13546119,2009,4062,0.3
LKA-2010,LKA,Sri Lanka,13613884,2010,6110,0.45
LKA-2011,LKA,Sri Lanka,13659777,2011,7662,0.56
LKA-2012,LKA,Sri Lanka,13618903,2012,6975,0.51
LKA-2013,LKA,Sri Lanka,13661314,2013,5788,0.42
LKA-2014,LKA,Sri Lanka,13729471,2014,6674,0.49
LKA-2015,LKA,Sri Lanka,13805689,2015,7583,0.55
LKA-2016,LKA,Sri Lanka,13916964,2016,8060,0.58
LKA-2017,LKA,Sri Lanka,14039241,2017,9474,0.67
LKA-2018,LKA,Sri Lanka,14156963,2018,10510,0.74
LCA-2006,LCA,Saint Lucia,108968,2006,484,4.44
LCA-2007,LCA,Saint Lucia,111654,2007,579,5.19
LCA-2008,LCA,Saint Lucia,114307,2008,582,5.09
LCA-2009,LCA,Saint Lucia,116764,2009,427,3.66
LCA-2010,LCA,Saint Lucia,118859,2010,399,3.36
LCA-2011,LCA,Saint Lucia,121031,2011,369,3.05
LCA-2012,LCA,Saint Lucia,122855,2012,379,3.08
LCA-2013,LCA,Saint Lucia,124403,2013,237,1.91
LCA-2014,LCA,Saint Lucia,125833,2014,307,2.44
LCA-2015,LCA,Saint Lucia,127187,2015,367,2.89
LCA-2016,LCA,Saint Lucia,128281,2016,332,2.59
LCA-2017,LCA,Saint Lucia,129359,2017,322,2.49
LCA-2018,LCA,Saint Lucia,130351,2018,350,2.69
LCA-2019,LCA,Saint Lucia,131163,2019,308,2.35
LCA-2020,LCA,Saint Lucia,131756,2020,244,1.85
VCT-2006,VCT,Saint Vincent and the Grenadines,70284,2006,159,2.26
VCT-2007,VCT,Saint Vincent and the Grenadines,70532,2007,210,2.98
VCT-2008,VCT,Saint Vincent and the Grenadines,70754,2008,167,2.36
VCT-2009,VCT,Saint Vincent and the Grenadines,71028,2009,131,1.84
VCT-2010,VCT,Saint Vincent and the Grenadines,71385,2010,139,1.95
VCT-2011,VCT,Saint Vincent and the Grenadines,71628,2011,134,1.87
VCT-2012,VCT,Saint Vincent and the Grenadines,71978,2012,127,1.76
VCT-2013,VCT,Saint Vincent and the Grenadines,72404,2013,133,1.84
VCT-2014,VCT,Saint Vincent and the Grenadines,72821,2014,125,1.72
VCT-2015,VCT,Saint Vincent and the Grenadines,73163,2015,119,1.63
VCT-2016,VCT,Saint Vincent and the Grenadines,73681,2016,118,1.6
VCT-2017,VCT,Saint Vincent and the Grenadines,74248,2017,175,2.36
VCT-2018,VCT,Saint Vincent and the Grenadines,74798,2018,414,5.53
VCT-2019,VCT,Saint Vincent and the Grenadines,75276,2019,284,3.77
VCT-2020,VCT,Saint Vincent and the Grenadines,75653,2020,323,4.27
SUR-2006,SUR,Suriname,318616,2006,114,0.36
SUR-2007,SUR,Suriname,324055,2007,109,0.34
SUR-2008,SUR,Suriname,329706,2008,169,0.51
SUR-2009,SUR,Suriname,335361,2009,142,0.42
SUR-2010,SUR,Suriname,340878,2010,214,0.63
SUR-2011,SUR,Suriname,346192,2011,400,1.16
SUR-2012,SUR,Suriname,351307,2012,583,1.66
SUR-2013,SUR,Suriname,356276,2013,592,1.66
SUR-2014,SUR,Suriname,361209,2014,495,1.37
SUR-2015,SUR,Suriname,366153,2015,412,1.13
SUR-2016,SUR,Suriname,370627,2016,523,1.41
SUR-2017,SUR,Suriname,375172,2017,860,2.29
SUR-2018,SUR,Suriname,379710,2018,890,2.34
SUR-2019,SUR,Suriname,384124,2019,946,2.46
SUR-2020,SUR,Suriname,388349,2020,892,2.3
SWE-2006,SWE,Sweden,5925947,2006,23894,4.03
SWE-2007,SWE,Sweden,5976743,2007,27994,4.68
SWE-2008,SWE,Sweden,6032481,2008,27554,4.57
SWE-2009,SWE,Sweden,6084170,2009,24350,4.0
SWE-2010,SWE,Sweden,6121432,2010,34709,5.67
SWE-2011,SWE,Sweden,6140587,2011,43964,7.16
SWE-2012,SWE,Sweden,6145741,2012,39262,6.39
SWE-2013,SWE,Sweden,6147937,2013,39137,6.37
SWE-2014,SWE,Sweden,6159447,2014,42068,6.83
SWE-2015,SWE,Sweden,6183010,2015,45568,7.37
SWE-2016,SWE,Sweden,6228866,2016,49751,7.99
SWE-2017,SWE,Sweden,6287411,2017,48543,7.72
SWE-2018,SWE,Sweden,6341467,2018,45590,7.19
SWE-2019,SWE,Sweden,6390995,2019,46377,7.26
SWE-2020,SWE,Sweden,6424064,2020,57682,8.98
CHE-2006,CHE,Switzerland,5091240,2006,19471,3.82
CHE-2007,CHE,Switzerland,5142566,2007,21391,4.16
CHE-2008,CHE,Switzerland,5210999,2008,21733,4.17
CHE-2009,CHE,Switzerland,5275346,2009,20810,3.94
CHE-2010,CHE,Switzerland,5324873,2010,22139,4.16
CHE-2011,CHE,Switzerland,5375881,2011,23765,4.42
CHE-2012,CHE,Switzerland,5421980,2012,23608,4.35
CHE-2013,CHE,Switzerland,5469973,2013,24601,4.5
CHE-2014,CHE,Switzerland,5520268,2014,25085,4.54
CHE-2015,CHE,Switzerland,5566544,2015,24244,4.36
CHE-2016,CHE,Switzerland,5604990,2016,24135,4.31
CHE-2017,CHE,Switzerland,5637093,2017,25790,4.58
CHE-2018,CHE,Switzerland,5659119,2018,25637,4.53
CHE-2019,CHE,Switzerland,5678664,2019,26347,4.64
TWN-2006,TWN,"Taiwan, Province of China",16322782,2006,37626,2.31
TWN-2007,TWN,"Taiwan, Province of China",16447619,2007,33157,2.02
TWN-2008,TWN,"Taiwan, Province of China",16566872,2008,29676,1.79
TWN-2009,TWN,"Taiwan, Province of China",16683975,2009,31240,1.87
TWN-2010,TWN,"Taiwan, Province of China",16683975,2010,36277,2.17
TWN-2011,TWN,"Taiwan, Province of China",16683975,2011,36840,2.21
TWN-2012,TWN,"Taiwan, Province of China",16683975,2012,36445,2.18
TWN-2013,TWN,"Taiwan, Province of China",16220340,2013,38895,2.4
TWN-2014,TWN,"Taiwan, Province of China",16638140,2014,41164,2.47
TWN-2015,TWN,"Taiwan, Province of China",17365715,2015,42848,2.47
TWN-2016,TWN,"Taiwan, Province of China",17291830,2016,42903,2.48
TWN-2017,TWN,"Taiwan, Province of China",17211341,2017,45131,2.62
TWN-2018,TWN,"Taiwan, Province of China",17107188,2018,41931,2.45
TWN-2019,TWN,"Taiwan, Province of China",16985643,2019,41236,2.43
TWN-2020,TWN,"Taiwan, Province of China",16810525,2020,45454,2.7
TJK-2006,TJK,Tajikistan,4077728,2006,878,0.22
TJK-2007,TJK,Tajikistan,4205652,2007,885,0.21
TJK-2008,TJK,Tajikistan,4333572,2008,1080,0.25
TJK-2009,TJK,Tajikistan,4462896,2009,1855,0.42
TJK-2010,TJK,Tajikistan,4593410,2010,2178,0.47
TJK-2011,TJK,Tajikistan,4709898,2011,1242,0.26
TJK-2012,TJK,Tajikistan,4830247,2012,1272,0.26
TJK-2013,TJK,Tajikistan,4950131,2013,5555,1.12
TJK-2014,TJK,Tajikistan,5065390,2014,1514,0.3
TJK-2015,TJK,Tajikistan,5175181,2015,1218,0.24
TJK-2016,TJK,Tajikistan,5277119,2016,984,0.19
TJK-2017,TJK,Tajikistan,5378324,2017,793,0.15
TJK-2018,TJK,Tajikistan,5478148,2018,831,0.15
TZA-2006,TZA,"Tanzania, United Republic of",20812604,2006,3745,0.18
TZA-2007,TZA,"Tanzania, United Republic of",21401861,2007,4234,0.2
TZA-2008,TZA,"Tanzania, United Republic of",22026441,2008,5099,0.23
TZA-2009,TZA,"Tanzania, United Republic of",22675303,2009,5020,0.22
TZA-2010,TZA,"Tanzania, United Republic of",23345453,2010,6800,0.29
TZA-2011,TZA,"Tanzania, United Republic of",24031752,2011,7606,0.32
TZA-2012,TZA,"Tanzania, United Republic of",24753898,2012,8126,0.33
TZA-2013,TZA,"Tanzania, United Republic of",25514111,2013,8662,0.34
TZA-2014,TZA,"Tanzania, United Republic of",26318920,2014,8768,0.33
TZA-2015,TZA,"Tanzania, United Republic of",27172514,2015,8890,0.33
TZA-2016,TZA,"Tanzania, United Republic of",28078281,2016,8326,0.3
TZA-2017,TZA,"Tanzania, United Republic of",29024583,2017,6504,0.22
TZA-2018,TZA,"Tanzania, United Republic of",30015326,2018,5276,0.18
THA-2006,THA,Thailand,46859629,2006,30119,0.64
THA-2007,THA,Thailand,47269795,2007,25156,0.53
THA-2008,THA,Thailand,47652306,2008,27655,0.58
THA-2009,THA,Thailand,48005328,2009,27520,0.57
THA-2010,THA,Thailand,48326222,2010,31707,0.66
THA-2011,THA,Thailand,48493776,2011,33704,0.7
THA-2012,THA,Thailand,48669140,2012,40900,0.84
THA-2013,THA,Thailand,48838167,2013,44482,0.91
THA-2014,THA,Thailand,48979007,2014,43589,0.89
THA-2015,THA,Thailand,49078487,2015,44809,0.91
THA-2016,THA,Thailand,49209847,2016,48907,0.99
THA-2017,THA,Thailand,49283767,2017,55525,1.13
THA-2018,THA,Thailand,49302616,2018,72109,1.46
THA-2019,THA,Thailand,49274172,2019,71485,1.45
THA-2020,THA,Thailand,49201842,2020,63340,1.29
TLS-2008,TLS,Timor-Leste,554293,2008,409,0.74
TLS-2009,TLS,Timor-Leste,569340,2009,1170,2.06
TLS-2010,TLS,Timor-Leste,584186,2010,4445,7.61
TLS-2011,TLS,Timor-Leste,601483,2011,2212,3.68
TLS-2012,TLS,Timor-Leste,618079,2012,1686,2.73
TLS-2013,TLS,Timor-Leste,634679,2013,3571,5.63
TLS-2014,TLS,Timor-Leste,652340,2014,2889,4.43
TGO-2009,TGO,Togo,3402044,2009,515,0.15
TGO-2010,TGO,Togo,3498698,2010,560,0.16
TGO-2011,TGO,Togo,3594867,2011,615,0.17
TGO-2012,TGO,Togo,3696456,2012,723,0.2
TGO-2013,TGO,Togo,3803351,2013,737,0.19
TGO-2014,TGO,Togo,3915330,2014,1082,0.28
TGO-2015,TGO,Togo,4032230,2015,1704,0.42
TGO-2016,TGO,Togo,4150527,2016,1660,0.4
TGO-2017,TGO,Togo,4273593,2017,1767,0.41
TGO-2018,TGO,Togo,4401800,2018,2587,0.59
TGO-2019,TGO,Togo,4535359,2019,3393,0.75
TGO-2020,TGO,Togo,4674062,2020,4410,0.94
TON-2006,TON,Tonga,56887,2006,107,1.88
TON-2007,TON,Tonga,57527,2007,144,2.5
TON-2008,TON,Tonga,58236,2008,103,1.77
TON-2009,TON,Tonga,58811,2009,105,1.79
TON-2010,TON,Tonga,59139,2010,139,2.35
TON-2011,TON,Tonga,59083,2011,116,1.96
TON-2012,TON,Tonga,58734,2012,115,1.96
TON-2013,TON,Tonga,58314,2013,112,1.92
TON-2014,TON,Tonga,58044,2014,65,1.12
TON-2015,TON,Tonga,58047,2015,71,1.22
TON-2016,TON,Tonga,58558,2016,49,0.84
TON-2017,TON,Tonga,59418,2017,27,0.45
TON-2018,TON,Tonga,60506,2018,32,0.53
TON-2019,TON,Tonga,61638,2019,42,0.68
TON-2020,TON,Tonga,62694,2020,45,0.72
TTO-2006,TTO,Trinidad and Tobago,926426,2006,3421,3.69
TTO-2007,TTO,Trinidad and Tobago,931908,2007,3520,3.78
TTO-2008,TTO,Trinidad and Tobago,936269,2008,3470,3.71
TTO-2009,TTO,Trinidad and Tobago,939770,2009,2693,2.87
TTO-2010,TTO,Trinidad and Tobago,942740,2010,3372,3.58
TTO-2011,TTO,Trinidad and Tobago,945608,2011,3825,4.05
TTO-2012,TTO,Trinidad and Tobago,948326,2012,3446,3.63
TTO-2013,TTO,Trinidad and Tobago,950761,2013,4334,4.56
TTO-2014,TTO,Trinidad and Tobago,952821,2014,4682,4.91
TTO-2015,TTO,Trinidad and Tobago,954488,2015,5165,5.41
TTO-2016,TTO,Trinidad and Tobago,955607,2016,4341,4.54
TTO-2017,TTO,Trinidad and Tobago,956343,2017,3877,4.05
TTO-2018,TTO,Trinidad and Tobago,956843,2018,4115,4.3
TTO-2019,TTO,Trinidad and Tobago,957236,2019,4511,4.71
TTO-2020,TTO,Trinidad and Tobago,957576,2020,4344,4.54
TUN-2006,TUN,Tunisia,6905237,2006,6368,0.92
TUN-2007,TUN,Tunisia,7027305,2007,8997,1.28
TUN-2008,TUN,Tunisia,7146399,2008,8297,1.16
TUN-2009,TUN,Tunisia,7257783,2009,9138,1.26
TUN-2010,TUN,Tunisia,7357532,2010,11317,1.54
TUN-2011,TUN,Tunisia,7436917,2011,11307,1.52
TUN-2012,TUN,Tunisia,7503265,2012,12556,1.67
TUN-2013,TUN,Tunisia,7559740,2013,12691,1.68
TUN-2014,TUN,Tunisia,7611874,2014,11973,1.57
TUN-2015,TUN,Tunisia,7663296,2015,11661,1.52
TUN-2016,TUN,Tunisia,7706137,2016,12450,1.62
TUN-2017,TUN,Tunisia,7755992,2017,11647,1.5
TUN-2018,TUN,Tunisia,7808154,2018,13134,1.68
TUN-2019,TUN,Tunisia,7856564,2019,15715,2.0
TUR-2014,TUR,Turkey,51304360,2014,53375,1.04
TUR-2015,TUR,Turkey,52246676,2015,65324,1.25
TUR-2016,TUR,Turkey,53185895,2016,62674,1.18
TUR-2017,TUR,Turkey,54138362,2017,71468,1.32
TUR-2018,TUR,Turkey,55058658,2018,83397,1.51
TUR-2019,TUR,Turkey,55883565,2019,82762,1.48
TUR-2020,TUR,Turkey,56572012,2020,100409,1.77
UGA-2006,UGA,Uganda,13838299,2006,7104,0.51
UGA-2007,UGA,Uganda,14314634,2007,7479,0.52
UGA-2008,UGA,Uganda,14816819,2008,8376,0.57
UGA-2009,UGA,Uganda,15345306,2009,9486,0.62
UGA-2010,UGA,Uganda,15901551,2010,10490,0.66
UGA-2011,UGA,Uganda,16468498,2011,14661,0.89
UGA-2012,UGA,Uganda,17068075,2012,16686,0.98
UGA-2013,UGA,Uganda,17709557,2013,15409,0.87
UGA-2014,UGA,Uganda,18405460,2014,16757,0.91
UGA-2015,UGA,Uganda,19162280,2015,18387,0.96
UGA-2016,UGA,Uganda,19993004,2016,18050,0.9
UGA-2017,UGA,Uganda,20896060,2017,17423,0.83
UGA-2018,UGA,Uganda,21846708,2018,18862,0.86
UKR-2006,UKR,Ukraine,32576986,2006,30934,0.95
UKR-2007,UKR,Ukraine,32472880,2007,38141,1.17
UKR-2008,UKR,Ukraine,32383057,2008,31385,0.97
UKR-2009,UKR,Ukraine,32296072,2009,21567,0.67
UKR-2010,UKR,Ukraine,32185923,2010,31450,0.98
UKR-2011,UKR,Ukraine,31986098,2011,34468,1.08
UKR-2012,UKR,Ukraine,31831484,2012,29619,0.93
UKR-2013,UKR,Ukraine,31674445,2013,35203,1.11
UKR-2014,UKR,Ukraine,31410583,2014,33406,1.06
UKR-2015,UKR,Ukraine,31186380,2015,38088,1.22
UKR-2016,UKR,Ukraine,30905273,2016,48138,1.56
UKR-2017,UKR,Ukraine,30581925,2017,51349,1.68
ARE-2006,ARE,United Arab Emirates,4380865,2006,7698,1.76
ARE-2007,ARE,United Arab Emirates,5185748,2007,8778,1.69
ARE-2008,ARE,United Arab Emirates,6026774,2008,9084,1.51
ARE-2009,ARE,United Arab Emirates,6781156,2009,6963,1.03
ARE-2010,ARE,United Arab Emirates,7366517,2010,8623,1.17
ARE-2011,ARE,United Arab Emirates,7679368,2011,9644,1.26
ARE-2012,ARE,United Arab Emirates,7826617,2012,11380,1.45
ARE-2013,ARE,United Arab Emirates,7855947,2013,12784,1.63
ARE-2014,ARE,United Arab Emirates,7847461,2014,15661,2.0
ARE-2015,ARE,United Arab Emirates,7864453,2015,16625,2.11
ARE-2016,ARE,United Arab Emirates,7921959,2016,16735,2.11
ARE-2017,ARE,United Arab Emirates,8012980,2017,16285,2.03
ARE-2018,ARE,United Arab Emirates,8120011,2018,17907,2.21
ARE-2019,ARE,United Arab Emirates,8220025,2019,22593,2.75
ARE-2020,ARE,United Arab Emirates,8300173,2020,19050,2.3
GBR-2006,GBR,United Kingdom,40196873,2006,403860,10.05
GBR-2007,GBR,United Kingdom,40539197,2007,452135,11.15
GBR-2008,GBR,United Kingdom,40859642,2008,362322,8.87
GBR-2009,GBR,United Kingdom,41134819,2009,364131,8.85
GBR-2010,GBR,United Kingdom,41384859,2010,400867,9.69
GBR-2011,GBR,United Kingdom,41523732,2011,453898,10.93
GBR-2012,GBR,United Kingdom,41622578,2012,492754,11.84
GBR-2013,GBR,United Kingdom,41706559,2013,522439,12.53
GBR-2014,GBR,United Kingdom,41823572,2014,585672,14.0
GBR-2015,GBR,United Kingdom,41980393,2015,611478,14.57
GBR-2016,GBR,United Kingdom,42156712,2016,663616,15.74
GBR-2017,GBR,United Kingdom,42326458,2017,632517,14.94
GBR-2018,GBR,United Kingdom,42485474,2018,664974,15.65
GBR-2019,GBR,United Kingdom,42638638,2019,684874,16.06
GBR-2020,GBR,United Kingdom,42795559,2020,774854,18.11
URY-2006,URY,Uruguay,2091286,2006,4123,1.97
URY-2007,URY,Uruguay,2102460,2007,4731,2.25
URY-2008,URY,Uruguay,2116049,2008,4393,2.08
URY-2009,URY,Uruguay,2130063,2009,3210,1.51
URY-2010,URY,Uruguay,2143085,2010,4433,2.07
URY-2011,URY,Uruguay,2155409,2011,5002,2.32
URY-2012,URY,Uruguay,2166598,2012,7888,3.64
URY-2013,URY,Uruguay,2177012,2013,6106,2.8
URY-2014,URY,Uruguay,2187514,2014,6282,2.87
URY-2015,URY,Uruguay,2198419,2015,4592,2.09
URY-2016,URY,Uruguay,2207436,2016,3935,1.78
URY-2017,URY,Uruguay,2217418,2017,4069,1.84
URY-2018,URY,Uruguay,2227465,2018,3369,1.51
URY-2019,URY,Uruguay,2236302,2019,3364,1.5
URY-2020,URY,Uruguay,2243239,2020,5139,2.29
UZB-2006,UZB,Uzbekistan,16807380,2006,8994,0.54
UZB-2007,UZB,Uzbekistan,17271933,2007,9677,0.56
UZB-2008,UZB,Uzbekistan,17760358,2008,9753,0.55
UZB-2009,UZB,Uzbekistan,18255198,2009,13780,0.75
UZB-2010,UZB,Uzbekistan,18953212,2010,15097,0.8
UZB-2011,UZB,Uzbekistan,19578460,2011,16622,0.85
UZB-2012,UZB,Uzbekistan,19980914,2012,13261,0.66
UZB-2013,UZB,Uzbekistan,20389210,2013,17346,0.85
UZB-2014,UZB,Uzbekistan,20787251,2014,17469,0.84
UZB-2015,UZB,Uzbekistan,21153834,2015,18955,0.9
UZB-2016,UZB,Uzbekistan,21487722,2016,21893,1.02
UZB-2017,UZB,Uzbekistan,21770618,2017,26186,1.2
UZB-2018,UZB,Uzbekistan,22045919,2018,35801,1.62
UZB-2019,UZB,Uzbekistan,22366854,2019,60814,2.72
UZB-2020,UZB,Uzbekistan,22733880,2020,61677,2.71
VUT-2006,VUT,Vanuatu,123437,2006,53,0.43
VUT-2007,VUT,Vanuatu,126931,2007,72,0.57
VUT-2008,VUT,Vanuatu,130067,2008,66,0.51
VUT-2009,VUT,Vanuatu,133231,2009,23,0.17
VUT-2010,VUT,Vanuatu,136723,2010,87,0.64
VUT-2011,VUT,Vanuatu,140049,2011,74,0.53
VUT-2012,VUT,Vanuatu,144096,2012,70,0.49
VUT-2013,VUT,Vanuatu,148207,2013,54,0.36
VUT-2014,VUT,Vanuatu,151869,2014,88,0.58
VUT-2015,VUT,Vanuatu,155094,2015,83,0.54
VUT-2016,VUT,Vanuatu,159758,2016,130,0.81
VUT-2017,VUT,Vanuatu,164059,2017,168,1.02
VUT-2018,VUT,Vanuatu,168322,2018,258,1.53
VNM-2011,VNM,Viet Nam,62383724,2011,54756,0.88
VNM-2012,VNM,Viet Nam,63211882,2012,51382,0.81
VNM-2013,VNM,Viet Nam,63945704,2013,56370,0.88
VNM-2014,VNM,Viet Nam,64593193,2014,56928,0.88
VNM-2015,VNM,Viet Nam,65162936,2015,73817,1.13
VNM-2016,VNM,Viet Nam,65677847,2016,87346,1.33
VNM-2017,VNM,Viet Nam,66098814,2017,102447,1.55
VNM-2018,VNM,Viet Nam,66454455,2018,106931,1.61
VNM-2019,VNM,Viet Nam,66783128,2019,111338,1.67
VNM-2020,VNM,Viet Nam,67105172,2020,111477,1.66
ZMB-2006,ZMB,Zambia,6163108,2006,3715,0.6
ZMB-2007,ZMB,Zambia,6323187,2007,5541,0.88
ZMB-2008,ZMB,Zambia,6497071,2008,6026,0.93
ZMB-2009,ZMB,Zambia,6685153,2009,5172,0.77
ZMB-2010,ZMB,Zambia,6888491,2010,6355,0.92
ZMB-2011,ZMB,Zambia,7122639,2011,7774,1.09
ZMB-2012,ZMB,Zambia,7372153,2012,8849,1.2
ZMB-2013,ZMB,Zambia,7637361,2013,9403,1.23
ZMB-2014,ZMB,Zambia,7919603,2014,9402,1.19
ZMB-2015,ZMB,Zambia,8218966,2015,9137,1.11
ZMB-2016,ZMB,Zambia,8523879,2016,8874,1.04
ZMB-2017,ZMB,Zambia,8848789,2017,9399,1.06
ZMB-2018,ZMB,Zambia,9190193,2018,10239,1.11
ZMB-2019,ZMB,Zambia,9541753,2019,9606,1.01
ZMB-2020,ZMB,Zambia,9899869,2020,10640,1.07
ZWE-2011,ZWE,Zimbabwe,7114894,2011,8541,1.2
ZWE-2012,ZWE,Zimbabwe,7215013,2012,9491,1.32
ZWE-2013,ZWE,Zimbabwe,7321283,2013,9782,1.34
ZWE-2014,ZWE,Zimbabwe,7430927,2014,9465,1.27
ZWE-2015,ZWE,Zimbabwe,7543272,2015,9055,1.2
ZWE-2016,ZWE,Zimbabwe,7642765,2016,8124,1.06
ZWE-2017,ZWE,Zimbabwe,7759792,2017,9518,1.23
ZWE-2018,ZWE,Zimbabwe,7892169,2018,16810,2.13
ZWE-2019,ZWE,Zimbabwe,8034692,2019,25028,3.11
ZWE-2020,ZWE,Zimbabwe,8185716,2020,20273,2.48
